doc_id,ticker,company_name,sector,year,accession_number,clean_text_sha256,dominant_topic_id,dominant_topic_score,nmf_topic_1_score,nmf_topic_2_score,nmf_topic_3_score,nmf_topic_4_score,nmf_topic_5_score,nmf_topic_6_score,nmf_topic_7_score,nmf_topic_8_score
MSFT-2016,MSFT,Microsoft,Technology,2016,0001193125-16-740758,c3d16cdb020bb28e1ff86bbbc7a40c568e41f85135ad568f639bd24a819110e1,nmf_topic_2,0.11767506,0.00950194,0.11767506,0.05703157,0.0,0.02183065,0.00421429,0.06800166,0.0
MSFT-2017,MSFT,Microsoft,Technology,2017,0001193125-17-310951,bfbf2275d9ee321bed2d0da7b5c8378ae2de70915a7b72f1eb215cfd4f00b5e3,nmf_topic_2,0.15903457,0.0,0.15903457,0.05001451,0.0,0.01140161,0.0,0.07320161,0.0
MSFT-2018,MSFT,Microsoft,Technology,2018,0001193125-18-300115,e6cedbaacf478f4b5a151baa314a15cfed4406437ddb223fdaf862a74f622c71,nmf_topic_2,0.12509156,0.0,0.12509156,0.07460183,0.0,0.0239775,0.00465617,0.06930685,0.0
MSFT-2019,MSFT,Microsoft,Technology,2019,0001193125-19-268531,ef7f6fdb40371ad12e432819aeb5105e893c7ef3c9f5761eb808f8df9bcec718,nmf_topic_7,0.24965897,0.0,0.10553621,0.01890332,0.0,0.0,0.0,0.24965897,0.0
MSFT-2020,MSFT,Microsoft,Technology,2020,0001193125-20-272025,94705b6b7ae19742fe7228e66c90b9e4d813ac64605c394bd6c30dfcfc0af8b6,nmf_topic_7,0.25869441,0.0,0.11147708,0.02122648,0.0,0.0,0.0,0.25869441,0.0
MSFT-2021,MSFT,Microsoft,Technology,2021,0001193125-21-298757,98e3eab6694be8169df7f71cc889543d32ede597737c20392ed31873a8ef62ae,nmf_topic_7,0.26717667,0.0,0.1114182,0.01126945,0.0,0.0,0.0,0.26717667,0.0
MSFT-2022,MSFT,Microsoft,Technology,2022,0001193125-22-270484,bdc82b4cc3a3d9ed337e169cf78f26c6a7f8e303937972b367c30d280a412a39,nmf_topic_7,0.30085176,0.0,0.09584981,0.0,0.0,0.0,0.0,0.30085176,0.0
MSFT-2023,MSFT,Microsoft,Technology,2023,0001193125-23-259247,e91933c2e1a34efc1308ecb1c4ba7d99225c57a7f8c6ce65027b9fd7e54be0db,nmf_topic_7,0.30447925,0.0,0.09513467,0.0,0.0,0.0,0.0,0.30447925,0.0
MSFT-2024,MSFT,Microsoft,Technology,2024,0001193125-24-242883,133336a516a54fb018403d15da8b68a05d040bab984370bd9527cf27780053de,nmf_topic_7,0.30143361,0.0,0.08750494,0.0,0.0,0.0,0.0,0.30143361,0.0
AAPL-2016,AAPL,Apple,Technology,2016,0001193125-16-422528,f47a8650d7820ac0ebc20e40e3e961fb7dcba93495cdb872bff319b1e39c8ed4,nmf_topic_2,0.0878632,0.07370122,0.0878632,0.02856529,0.0,0.0,0.03836248,0.0332092,0.0
AAPL-2017,AAPL,Apple,Technology,2017,0001193125-17-003753,3a2c643257710e31ca83aeb57cb2b639def5965da00505b60e62b561abfa1a16,nmf_topic_1,0.12162936,0.12162936,0.02455482,0.00518499,0.03962657,0.0,0.05400335,0.03126565,0.0
AAPL-2019,AAPL,Apple,Technology,2019,0001193125-19-004664,fe16f17ab54a3ad72d0e182f07f1a8652f80b86323329549be2a41d12608dc4e,nmf_topic_1,0.10357187,0.10357187,0.04410325,0.03028123,0.03394619,0.0,0.03889612,0.02671783,0.0
AAPL-2020,AAPL,Apple,Technology,2020,0001193125-20-001450,66718f6df5ae372e4a1ebdb15335f523e6222fd5c90535b8f70e9db1fb2be73d,nmf_topic_1,0.09514752,0.09514752,0.00123337,0.04897523,0.05423742,0.0,0.05069002,0.02182831,0.01162288
AAPL-2021,AAPL,Apple,Technology,2021,0001193125-21-001987,8cba184b803455958373265e60f6c83b254c42bfca146944f0dc633b623a2708,nmf_topic_4,0.10519211,0.05391206,0.05579946,0.04632129,0.10519211,0.0,0.01108878,0.02513433,0.0
AAPL-2022,AAPL,Apple,Technology,2022,0001193125-22-003583,f4dcb85d8ec10283f6c778c95cb6fd6856319b21ce1c1ccb9e7e5d5563db36ec,nmf_topic_7,0.17375557,0.00733964,0.03089303,0.05384927,0.08255259,0.0019369,0.0,0.17375557,0.0
AAPL-2023,AAPL,Apple,Technology,2023,0001308179-23-000019,7cf39402dc027106cd293b75b543f9f43876402bc40c722912f8eaa36cdf9d74,nmf_topic_7,0.19609882,0.0,0.0,0.03013497,0.11893268,0.0,0.0,0.19609882,0.0
AAPL-2024,AAPL,Apple,Technology,2024,0001308179-24-000010,8ce552ab4b0a33e6065ce906fa8ea04184782804b3afbecfe35bcaa4f005ed41,nmf_topic_7,0.20255703,0.0,0.0,0.02834868,0.11289827,0.0,0.0,0.20255703,0.0
NVDA-2016,NVDA,NVIDIA,Technology,2016,0001045810-16-000229,74f7a62b7332feda193452643578ffc9af24b66d89c9c98494d471ceed5bf2d4,nmf_topic_1,0.17326592,0.17326592,0.0,0.02664279,0.0,0.0,0.0,0.05714816,0.0
NVDA-2017,NVDA,NVIDIA,Technology,2017,0001045810-17-000063,1664d8ef8c4f64fde6204469748e2f56a7b3ea310eba1f090858f9c521aba082,nmf_topic_1,0.18553327,0.18553327,0.0,0.02052189,0.0,0.0,0.0,0.06512386,0.0
NVDA-2018,NVDA,NVIDIA,Technology,2018,0001045810-18-000047,ee4589fdbca5e96d7c5deee924bc0ffd4f375e990cce5026fd4b0aa8577966eb,nmf_topic_1,0.1783912,0.1783912,0.0,0.01264115,0.0,0.0,0.0,0.06731466,0.0
NVDA-2019,NVDA,NVIDIA,Technology,2019,0001045810-19-000070,e10388bf9a0cff1312884951af006366cc47410c2347a0ce7448bd76df7111c4,nmf_topic_1,0.17828549,0.17828549,0.0,0.01091038,0.0,0.0,0.0,0.07434671,0.0
NVDA-2020,NVDA,NVIDIA,Technology,2020,0001045810-20-000055,189ab595d8283ff30a0b341a11da69efe7dbb8c705dcb200452410d061ce6491,nmf_topic_1,0.16540256,0.16540256,0.0,0.01807997,0.0,0.0,0.0,0.07699591,0.0
NVDA-2021,NVDA,NVIDIA,Technology,2021,0001045810-21-000052,0f4db38108c16bb3b3b28e38584f3ada6fb8b84a23055bbe798b6a1c93afb725,nmf_topic_7,0.17165384,0.13913912,0.0,0.02449628,0.0,0.0,0.0,0.17165384,0.0
NVDA-2022,NVDA,NVIDIA,Technology,2022,0001045810-22-000067,fc65ffa8a849b555e88346ccd5be88dc4a730224548cd8712e29158fb3f8d3cf,nmf_topic_7,0.19339659,0.12043444,0.0,0.00395191,0.01772836,0.0,0.0,0.19339659,0.0
NVDA-2023,NVDA,NVIDIA,Technology,2023,0001045810-23-000080,50ef66d4b45cdceac9b9690045a4abdecb5bf04a81cb27091e7a430b51771a60,nmf_topic_7,0.20631105,0.11860009,0.0,0.0,0.01995475,0.0,0.0,0.20631105,0.0
NVDA-2024,NVDA,NVIDIA,Technology,2024,0001045810-24-000104,9714a36d4c690af4f3fc3b67f4dd474471558f026aa933ef679d29ba33f2d019,nmf_topic_7,0.20604583,0.1192141,0.0,0.0,0.00747548,0.0,0.0,0.20604583,0.0
GOOGL-2016,GOOGL,Alphabet,Technology,2016,0001308179-16-000384,9dca6067ab2c98424e23b11922f59f85df13155cf8c29b13db55987fe648d56f,nmf_topic_3,0.2154946,0.00171905,0.01485974,0.2154946,0.0,0.0,0.0,0.01213391,0.0
GOOGL-2017,GOOGL,Alphabet,Technology,2017,0001308179-17-000170,b711b04771dd0513dbfda26da9c40f1798c840b03d1d97874d90f354b33684a2,nmf_topic_3,0.21594173,0.0065179,0.01274259,0.21594173,0.0,0.0,0.0,0.0058623,0.00384496
GOOGL-2018,GOOGL,Alphabet,Technology,2018,0001308179-18-000222,0034c5c2fa4785df31da4df663cff61fcb186793532a38be6b68d012f807be2e,nmf_topic_3,0.20718636,0.00311604,0.01623091,0.20718636,0.0,0.0,0.01114789,0.00554397,0.00519386
GOOGL-2019,GOOGL,Alphabet,Technology,2019,0001308179-19-000205,0cb8fe47f4e7ec8bcd9ca9cf4799ecd7a187937ca18069a885bad70fe9b9030e,nmf_topic_3,0.13839635,0.0,0.13805415,0.13839635,0.0,0.0,0.0,0.0,0.0
GOOGL-2020,GOOGL,Alphabet,Technology,2020,0001308179-20-000203,b6902e074ab39d602258d4284478ea50c9daa64ff305c6a8c30b07dce1465f5f,nmf_topic_2,0.15020384,0.0,0.15020384,0.12361897,0.0,0.0,0.0,0.0,0.0
GOOGL-2021,GOOGL,Alphabet,Technology,2021,0001308179-21-000256,726fd36c550229b1f047c022d5afa0c60d28b6faa031c6ec274d4748585c6889,nmf_topic_2,0.16909838,0.0,0.16909838,0.11404784,0.0,0.0,0.0,0.0,0.0
GOOGL-2022,GOOGL,Alphabet,Technology,2022,0001308179-22-000262,87f7a7f4de06c7a9dd5677362bc30a53b5d5c45866c3246757c2d5058a2cd6e0,nmf_topic_3,0.12478436,0.0,0.09834828,0.12478436,0.03188584,0.0,0.0,0.02178252,0.0
GOOGL-2023,GOOGL,Alphabet,Technology,2023,0001308179-23-000736,db18e70362414fce4e99cf2546434a9b96fa4972ff85e55cab268eaa0ddb4036,nmf_topic_2,0.10999015,0.0,0.10999015,0.10178921,0.04196217,0.0,0.0,0.03502661,0.0
GOOGL-2024,GOOGL,Alphabet,Technology,2024,0001308179-24-000612,4220a1488416f44d612295dcbffee5dbac3cea3d1f6c1da35c4b491380a4e1a2,nmf_topic_3,0.11174842,0.0,0.05980176,0.11174842,0.03647069,0.0,0.0,0.09334879,0.0
META-2016,META,Meta Platforms,Technology,2016,0001326801-16-000074,d69e2660d7e355ede97fbff96ee64f183fef4ff3d31518e7575628a276946be2,nmf_topic_3,0.20572114,0.03716837,0.0,0.20572114,0.0,0.0,0.00908375,0.0,0.0
META-2017,META,Meta Platforms,Technology,2017,0001326801-17-000016,3bfe365b83e67fa1012891acc6dd2fb1738ea0f8918fa60fa7ca9783d21d49a5,nmf_topic_3,0.23937302,0.0,0.0,0.23937302,0.0,0.00544616,0.01908078,0.0,0.0
META-2018,META,Meta Platforms,Technology,2018,0001326801-18-000022,d17a4a53fb26820ad2051bfe64a876f2d948587a91a3470cae5cfe2e50df61dd,nmf_topic_3,0.2506238,0.0,0.0,0.2506238,0.0,0.00117956,0.01628209,0.0,0.0
META-2019,META,Meta Platforms,Technology,2019,0001326801-19-000025,96f4686ea22037d6501cf576050c5bbf7269fe746ecd5e46cbd2fe8babe9669b,nmf_topic_3,0.24348846,0.0,0.0,0.24348846,0.0,0.0036842,0.01819234,0.0,0.0
META-2020,META,Meta Platforms,Technology,2020,0001326801-20-000037,545bd651021b1e29b31348aada7e451007d03f409f78cfefbc236e3ac0e11350,nmf_topic_3,0.24283258,0.0,0.0011355,0.24283258,0.01264876,0.0,0.0059871,0.00275748,0.0
META-2021,META,Meta Platforms,Technology,2021,0001326801-21-000022,1465bf75f306ab723a1482ffaf59b60f898adcbb19aaa2f5f76e521634233063,nmf_topic_2,0.19218383,0.0,0.19218383,0.05149427,0.01081111,0.00741343,0.0,0.00541715,0.00042672
META-2022,META,Meta Platforms,Technology,2022,0001326801-22-000043,1afe3a6bbc6f9b563058cf60da978e7e1efd949e90e179fb8273640d9db547ab,nmf_topic_2,0.12340084,0.00533385,0.12340084,0.03840197,0.0933922,0.00838497,0.00226808,0.0,0.0
META-2023,META,Meta Platforms,Technology,2023,0001326801-23-000050,65fe988d29592e5726020a6d19c7793d765ae0861b6bd0a5e34f8880c58d6df7,nmf_topic_4,0.12939992,0.0,0.08015488,0.03862515,0.12939992,0.01554302,0.0,0.02703554,0.0
META-2024,META,Meta Platforms,Technology,2024,0001326801-24-000034,da2b1486e34cb0e034dc441c76d6200518c50859f4126d82cfe943ef52f54d09,nmf_topic_2,0.10783786,0.00034498,0.10783786,0.00662804,0.10357441,0.0004053,0.0,0.05052688,0.0
AVGO-2019,AVGO,Broadcom,Technology,2019,0001193125-19-043540,53ccd82dc1dcf775a976e67409062b50363f83a97bbd7bab4a25531b689e4390,nmf_topic_1,0.16435701,0.16435701,0.0,0.0627552,0.0,0.0,0.0,0.03392328,0.01743331
AVGO-2020,AVGO,Broadcom,Technology,2020,0001730168-20-000020,1fdc7ef840032f90542c6c09169532708767af072c485318c2edab7fddf3796e,nmf_topic_1,0.14590585,0.14590585,0.0,0.08100503,0.01089732,0.0,0.0103323,0.02900041,0.01616087
AVGO-2021,AVGO,Broadcom,Technology,2021,0001730168-21-000017,b1583a3fcb38cc9a0d7b9bae2fef5d5210694fb6a1f5898ec90b837bdeece302,nmf_topic_1,0.14367488,0.14367488,0.0,0.06078747,0.0224818,0.0,0.00149104,0.04498915,0.01884412
AVGO-2022,AVGO,Broadcom,Technology,2022,0001730168-22-000012,dcf6a5ba2c36a6b514dd41a0c78c7c98019980c7e52dc49df68b314d6b309168,nmf_topic_3,0.1037486,0.06017894,0.0044577,0.1037486,0.01358046,0.00447708,0.0090107,0.10089159,0.01972675
AVGO-2023,AVGO,Broadcom,Technology,2023,0001140361-23-007640,a8920e6e345901425d46371d8c7337b122388d7220a1b8f4f9da17dab01c845f,nmf_topic_7,0.1224551,0.05415116,0.0,0.05672031,0.05202059,0.0,0.0,0.1224551,0.02160951
AVGO-2024,AVGO,Broadcom,Technology,2024,0001140361-24-009541,56c04f0dab327620b0fa42328e8c2f68464143a3839a57e31d008851f04a6f42,nmf_topic_7,0.10954816,0.03609935,0.05421267,0.03330197,0.05136652,0.0,0.0,0.10954816,0.00642914
CRM-2016,CRM,Salesforce,Technology,2016,0001193125-16-550325,42003c02bcd44389a66f82099dc7cd3bb27d1529e521bd709f9094a75e1bde95,nmf_topic_3,0.22920109,0.01909392,0.0,0.22920109,0.0,0.0,0.0,0.0,0.0
CRM-2017,CRM,Salesforce,Technology,2017,0001193125-17-139646,5aa1ca6b949fa0cc9a328fcc5234fa79a69c06c2e9f03d460919adb30da510a3,nmf_topic_3,0.22347965,0.01739107,0.0,0.22347965,0.0,0.0,0.0,0.0,0.0
CRM-2018,CRM,Salesforce,Technology,2018,0001193125-18-148743,4f54021ff8ea5078d0ef44546b9cb6a60086c8a28a29a990218dd5d75a7eb5c1,nmf_topic_3,0.23276678,0.00736661,0.0,0.23276678,0.0,0.0,0.0,0.0,0.0
CRM-2019,CRM,Salesforce,Technology,2019,0001193125-19-119702,7b0c70e5f9af2fa06f9a4998c0e9685eb7103b7a987b904389555e1fb0f142f8,nmf_topic_3,0.22856707,0.01667982,0.0,0.22856707,0.0,0.0,6.324e-05,0.0,0.0
CRM-2020,CRM,Salesforce,Technology,2020,0001193125-20-131040,e7ba481f9239017135080fcd3aaaf5be11db58ab1b12fc79d70da059858b55e5,nmf_topic_3,0.20832732,0.0,0.04071655,0.20832732,0.00859604,0.0,0.0,0.0,0.0
CRM-2021,CRM,Salesforce,Technology,2021,0001193125-21-140350,8a5c0d2c0fbfad6eb29351912e1ac887e506e4ff88a678fe0a13fb697f3719bc,nmf_topic_3,0.20549519,0.0,0.04156563,0.20549519,0.01865441,0.0,0.0,0.0,0.0
CRM-2022,CRM,Salesforce,Technology,2022,0001193125-22-127612,e42376913e8d9cfc319bf67f31073b300f3422009a8dc68e5a91c0e41c6b59b3,nmf_topic_3,0.16860029,0.0,0.00669152,0.16860029,0.06842993,0.0,0.0,0.02003283,0.0
CRM-2023,CRM,Salesforce,Technology,2023,0001193125-23-122123,1d03a50433ff589177d5fab8a0a16679d8fa71ecf23df8acc31e200e480856f4,nmf_topic_2,0.14728354,0.0,0.14728354,0.06426671,0.0282789,0.0,0.0,0.04138397,0.0
CRM-2024,CRM,Salesforce,Technology,2024,0001193125-24-140549,0c022549799ccc1af41075eb9f0451ae5cb5d1a396923db7047eee3bc0fe7f70,nmf_topic_2,0.14789453,0.0,0.14789453,0.06882366,0.02633371,0.0,0.0,0.02542533,0.0
ORCL-2016,ORCL,Oracle,Technology,2016,0001193125-16-718528,1796bdc4ceab470834400c982b5669452205c5849c9bcb2392d77ad440bb2f09,nmf_topic_3,0.22340862,0.05994186,0.0,0.22340862,0.0,0.0,0.0,0.0,0.0
ORCL-2017,ORCL,Oracle,Technology,2017,0001193125-17-297858,1de31c4fb989faac25984eaf56ea46971c0436381601a1d2edc22724ddb0dc49,nmf_topic_3,0.21512559,0.06114178,0.0,0.21512559,0.0,0.0,0.0,0.0,0.0
ORCL-2018,ORCL,Oracle,Technology,2018,0001193125-18-283993,dab252d2c2af6f2cc2ed78340372528802e7721e99ef5c5f70f5eadf9d428afe,nmf_topic_3,0.22349672,0.05765586,0.0,0.22349672,0.0,0.0,0.0,0.0,0.0
ORCL-2019,ORCL,Oracle,Technology,2019,0001193125-19-257430,1b5811838edbdc0ccf294129635fd3ff45ce3c0a43e4474ed851dd57d333cb69,nmf_topic_3,0.2231209,0.05244927,0.0,0.2231209,0.00621614,0.0,0.0,0.0,0.0
ORCL-2020,ORCL,Oracle,Technology,2020,0001193125-20-249194,c2c9c34a010493c9e9c635fc89cbb0fd5bd65ca7d7c82786f03d1c929dbf9d24,nmf_topic_3,0.22796448,0.0,0.00259045,0.22796448,0.05136153,0.0,0.0,0.0,0.0
ORCL-2021,ORCL,Oracle,Technology,2021,0001193125-21-282422,dd62224a90f74a48d3f0b3aeb504d50cb4e0f52f18546bdfcefe7ca5da16e2ed,nmf_topic_3,0.20821945,0.0,0.0,0.20821945,0.07893743,0.0,0.0,0.0,0.0
ORCL-2022,ORCL,Oracle,Technology,2022,0001193125-22-250158,909a046cfcfabef2eea0e3b6b31703c4aa7b3d9705e193a7ce8468915895a744,nmf_topic_3,0.16480842,0.00481864,0.0,0.16480842,0.12544246,0.0,0.0,0.00257364,0.0
ORCL-2023,ORCL,Oracle,Technology,2023,0001193125-23-240594,9179e9c202d619b76244bab4c97303f9620c6570e62816c98e91b9226c178d57,nmf_topic_3,0.16057618,0.0,0.0,0.16057618,0.13027624,0.0,0.0,0.01066867,0.0
ORCL-2024,ORCL,Oracle,Technology,2024,0001193125-24-226139,08871d6a0e64d70ebec8fcd1df4d831fc32b1ead6cb7e5f482c266f762e58e35,nmf_topic_3,0.16622995,0.0,0.0,0.16622995,0.12848718,0.0,0.0,0.00448786,0.0
IBM-2016,IBM,IBM,Technology,2016,0001104659-16-102981,6a3f886745ef70741273bf05a7c8d67819248b118aa9caa019438face74a4bdd,nmf_topic_1,0.10706437,0.10706437,0.03870194,0.04783706,0.0,0.00791324,0.02472966,0.01595688,0.01980952
IBM-2017,IBM,IBM,Technology,2017,0001104659-17-016116,b545ab051b52d557890b8db2bb1047ffb6837c5e1019ccee30cdd6045d84b63b,nmf_topic_1,0.09504128,0.09504128,0.03313528,0.06327332,0.0,0.00796216,0.0215792,0.01541442,0.02514893
IBM-2018,IBM,IBM,Technology,2018,0001104659-18-016710,679018c03c8b6e2c63df9660720629b400997cb5b7b992ce1c00faf9857f7e35,nmf_topic_1,0.10000204,0.10000204,0.05702089,0.05398566,0.0,0.0,0.03997382,0.02463471,0.00850586
IBM-2019,IBM,IBM,Technology,2019,0001104659-19-013856,f82522360872bf97296b2d24964452ce51cca64d6240f86c47307fd33317c7fb,nmf_topic_2,0.16988628,0.06475052,0.16988628,0.00988543,0.0,0.0,0.00808371,0.01697084,0.0
IBM-2020,IBM,IBM,Technology,2020,0001193125-20-067199,0852160de6a70063b9bbc92b68d01ac9dc9dbe3d532019713b954f464d5c49a4,nmf_topic_2,0.20552261,0.03011773,0.20552261,0.00993655,0.0,0.0,0.0,0.0,0.0
IBM-2021,IBM,IBM,Technology,2021,0001193125-21-073223,2950daa3d39be2c04cbed08086e8f384061f19cb6e36f8b66a616b871029ceaa,nmf_topic_2,0.2452163,0.01122322,0.2452163,0.0033417,0.0,0.0,0.0,0.0,0.0
IBM-2022,IBM,IBM,Technology,2022,0001104659-22-031075,18d32c89b66ccac51312c8de0d45d53b186f2a313ffca806b87eda9ea4f3ecde,nmf_topic_2,0.20902738,0.0,0.20902738,0.0,0.01449708,0.0,0.0,0.00839626,0.0
IBM-2023,IBM,IBM,Technology,2023,0001104659-23-029014,373f591e9bd6594b1b87c81ff672f8fee51fff67bf5434a3c546dc900e18535d,nmf_topic_2,0.21250328,0.0,0.21250328,0.0,0.00973612,0.0,0.0,0.01318892,0.0
IBM-2024,IBM,IBM,Technology,2024,0001104659-24-032641,a7538445538bb033967681922ca2504e8905dc6b28a5d45e40724f168442fbde,nmf_topic_2,0.18244111,0.0008196,0.18244111,0.0,0.0284848,0.0,0.0,0.01613004,0.0
INTC-2016,INTC,Intel,Technology,2016,0001193125-16-528154,a1d685d55e65e621cc84a6e1773d2ed90b6d7d10812ceb5c68899e7618268d78,nmf_topic_2,0.22971699,0.01820228,0.22971699,0.00657124,0.0,0.0,0.0,0.0,0.0
INTC-2017,INTC,Intel,Technology,2017,0001193125-17-112133,c2c11a66aef5febe064c55096bb2d96be0fc78c584adbac351e198bec08f424b,nmf_topic_2,0.22545293,0.02095727,0.22545293,0.00481856,0.0,0.0,0.0,0.0,0.0
INTC-2018,INTC,Intel,Technology,2018,0001193125-18-107675,8a054ba7072c6ba26842ea2ad78b31cd303f047e131ac92a67338500c6c361fd,nmf_topic_2,0.23663802,0.01299734,0.23663802,0.00390154,0.0,0.0,0.0,0.0,0.0
INTC-2019,INTC,Intel,Technology,2019,0001193125-19-095785,2b36320afcaad13e38c94c4e4b060f9ee4dd8a8ede5ca37daf1f41f15a18aeae,nmf_topic_2,0.22688742,0.0020697,0.22688742,0.0,0.0,0.0002987,0.00500137,0.0,0.0
INTC-2020,INTC,Intel,Technology,2020,0001193125-20-091451,bd481fc810e6379ce6de807b61a1d5f07b2bbcee4fec74d0556b40b36911033b,nmf_topic_2,0.24134484,0.01227245,0.24134484,0.00378367,0.0,0.0018687,0.0,0.0,0.0
INTC-2021,INTC,Intel,Technology,2021,0001193125-21-098458,5f008e6471e4dc3b7769b4a08c24e3b0dd179462acb3df07e806b4bce5c97e01,nmf_topic_2,0.25518672,0.0,0.25518672,0.0,0.0,0.0,0.0,0.0,0.0
INTC-2022,INTC,Intel,Technology,2022,0000050863-22-000011,58fbd9d0d159ed2327b7ea29e7f9a513afbeb172585ed6e180eaac535512cfdd,nmf_topic_2,0.20975432,0.0,0.20975432,0.0,0.01051067,0.0,0.0,0.00212585,0.0
INTC-2023,INTC,Intel,Technology,2023,0000050863-23-000021,06b078e2b0200ce228088ff3161ed6659cb0d96d36f23871b126cd0e50fb4b13,nmf_topic_2,0.15373292,0.0195405,0.15373292,0.0,0.05805617,0.0,0.0,0.03251201,0.0
INTC-2024,INTC,Intel,Technology,2024,0000050863-24-000057,6abce692d61e8cf3fc4c621eb3d15348f3206015f91c0aba57f3ea940f7b04db,nmf_topic_2,0.12907928,0.03434292,0.12907928,0.0,0.0751827,0.0,0.0,0.03105924,0.0
BRK.B-2016,BRK.B,Berkshire Hathaway,Financials,2016,0001193125-16-501649,7bd6f6c9aea6d4dc11e89c247a45dffcc16a43bfab0f7ad0dded7d3f56ceabbc,nmf_topic_5,0.42101741,0.0,0.0,0.0,0.0,0.42101741,0.0,0.0,0.0
BRK.B-2017,BRK.B,Berkshire Hathaway,Financials,2017,0001193125-17-087493,c5a6920d55f404c3a2f2ee2e824f71f286e7c75b940718975cf2f9fa99d94f3f,nmf_topic_5,0.4236206,0.0,0.0,0.0,0.0,0.4236206,0.0,0.0,0.0
BRK.B-2018,BRK.B,Berkshire Hathaway,Financials,2018,0001193125-18-086050,b36a535e51a7732e37ebcc06babb688c53a8c7ce86f300a973fb5614d9254404,nmf_topic_5,0.42499788,0.0,0.0,0.0,0.0,0.42499788,0.0,0.0,0.0
BRK.B-2019,BRK.B,Berkshire Hathaway,Financials,2019,0001193125-19-076915,9cd464833df48b2605a24b4acf4d7961d3e5175c44f8cc0bc50688b779a406a1,nmf_topic_5,0.42402464,0.0,0.0,0.0,0.0,0.42402464,0.0,0.0,0.0
BRK.B-2020,BRK.B,Berkshire Hathaway,Financials,2020,0001193125-20-072952,ccb59ded7d9b26cb6fb8841c3c15f0b7f5b4ce0dd24adc726395ed6cef9fbfac,nmf_topic_5,0.42354639,0.0,0.0,0.0,0.0,0.42354639,0.0,0.0,0.0
BRK.B-2021,BRK.B,Berkshire Hathaway,Financials,2021,0001193125-21-080418,34f318f834fea16011c121f3fc98d7da5b2bb17033913f372dc932becbdd2ae1,nmf_topic_5,0.37840438,0.0,0.00562887,0.0,0.00978707,0.37840438,0.0,0.0,0.0
BRK.B-2022,BRK.B,Berkshire Hathaway,Financials,2022,0001193125-22-073447,717a9719e7cc6f82686c2df1ef303434b2a6c9ad5e4cefe44d51ef85fa37371d,nmf_topic_5,0.40150229,0.0,0.0,0.0,0.0,0.40150229,0.0,0.01073303,0.0
BRK.B-2023,BRK.B,Berkshire Hathaway,Financials,2023,0001193125-23-073948,4c9312c0049c1a8f751f298694e3f22f4e5ae37242a17edc969da7353b54c7ff,nmf_topic_5,0.39636578,0.0,0.0,0.0,0.00609142,0.39636578,0.0,0.01405037,0.0
BRK.B-2024,BRK.B,Berkshire Hathaway,Financials,2024,0001193125-24-069107,6d1f6f841789716462e2da9d389594a6095df1bf30c8feb680828fca1f908404,nmf_topic_5,0.39507488,0.0,0.0,0.0,0.00334634,0.39507488,0.0,0.01464427,0.0
JPM-2016,JPM,JPMorgan Chase,Financials,2016,0000019617-16-000933,0c8abc9548073a49d9ff31e176976f3a2eb50c4ea37db255cff0b65d37c806ff,nmf_topic_1,0.12299233,0.12299233,0.01425853,0.0,0.02106734,0.02379352,0.06180905,0.01908301,0.05408034
JPM-2017,JPM,JPMorgan Chase,Financials,2017,0000019617-17-000340,db82a022987881032df96cd6a1bfd32e4052a2c94ba3c6548ae9fb0f502de1a4,nmf_topic_1,0.11929527,0.11929527,0.01136373,0.0,0.02794579,0.01520585,0.0569736,0.0238355,0.04920373
JPM-2018,JPM,JPMorgan Chase,Financials,2018,0000019617-18-000077,eed72a405306fa384be4d96d6ee22b329b54fc0149be6c4302aee2ab890e34d7,nmf_topic_2,0.2425342,0.02769777,0.2425342,0.00199925,0.0,0.00409119,0.0,0.0,0.00860968
JPM-2019,JPM,JPMorgan Chase,Financials,2019,0001193125-19-098338,84e421c6201947314635daf3831a6f81b60d7f06077475f7938613bcdf410bdf,nmf_topic_2,0.20984021,0.0176459,0.20984021,0.02371694,0.0,0.01665621,0.0,0.00327286,0.03218287
JPM-2020,JPM,JPMorgan Chase,Financials,2020,0001193125-20-098865,66a6ce896e9c72dce633f41d68b6a5ef831c6ffc7ff32acb25b018f2d549128c,nmf_topic_2,0.26199023,0.00547237,0.26199023,0.00978885,0.0,0.00444286,0.0,0.00388205,0.00576029
JPM-2021,JPM,JPMorgan Chase,Financials,2021,0000019617-21-000275,3b409d5006a7d57cf5854f29a46bbe8ad568f064aeacb833a617c784c1bca6c0,nmf_topic_2,0.2556634,0.00021775,0.2556634,0.01187851,0.00322619,0.00873891,0.0,0.01688261,0.00147216
JPM-2022,JPM,JPMorgan Chase,Financials,2022,0000019617-22-000303,0c7f9d454c3bb08320d824860e67fbcc8b7dc561b00ca5b731896ea997ae7008,nmf_topic_2,0.22188693,0.01334394,0.22188693,0.00259971,0.02844939,0.02256011,0.0,0.02299347,0.00328609
JPM-2023,JPM,JPMorgan Chase,Financials,2023,0000019617-23-000281,fab96c3e70b017c689da95f427e6fe36b2cfc82e9fadb532aecd6f7ac9cecd9d,nmf_topic_2,0.20524578,0.0,0.20524578,0.0,0.05314576,0.0,0.0,0.05036468,0.0
JPM-2024,JPM,JPMorgan Chase,Financials,2024,0000019617-24-000273,7c799e3db92c2d995227804ccc5e9b4e8ae13c53d4b4c9182744f3ef5da6871d,nmf_topic_2,0.21536795,0.0,0.21536795,0.0,0.03811182,0.0,0.0,0.0455841,0.0
BAC-2016,BAC,Bank of America,Financials,2016,0001193125-16-508200,82c6b4d7df28362cf2f5d0bb886d346724b379c705f7f8ecee64021a98678e50,nmf_topic_2,0.09966666,0.05186185,0.09966666,0.09200224,0.0,0.00602264,0.00607243,0.0,0.01226584
BAC-2017,BAC,Bank of America,Financials,2017,0001193125-17-082970,426880a8837380e05122265aba13a9f013e4d18511be9c3f08e77c55384b30f7,nmf_topic_2,0.14778685,0.02894052,0.14778685,0.0672653,0.0,0.01049545,0.0,0.0,0.01360072
BAC-2018,BAC,Bank of America,Financials,2018,0001193125-18-078695,bd86fbea21687676313e2ece7f499095fd5d611da167d1417b24e4f8e884011a,nmf_topic_2,0.10773163,0.02085365,0.10773163,0.09941933,0.0,0.01229263,0.0,0.0,0.01684355
BAC-2019,BAC,Bank of America,Financials,2019,0001193125-19-072939,0612ca9520fc12e1a9fe75d7c266650b7410121c76929ba8fdf628d70b82993a,nmf_topic_2,0.10231752,0.0302042,0.10231752,0.09375078,0.00044325,0.0107796,0.00504945,0.0,0.03556792
BAC-2020,BAC,Bank of America,Financials,2020,0001193125-20-066901,bb702b41dd5c3c5bfd23f630b06faaa26c259b35aead6c7ac32a5c4ef64e7921,nmf_topic_2,0.13667272,0.0,0.13667272,0.06705791,0.03184051,0.02454831,0.0,0.0,0.03652573
BAC-2021,BAC,Bank of America,Financials,2021,0001193125-21-072547,0b54436d946313bb4ad3631cecac9d066bb7bcbb1323acc5d13314f110cdeb91,nmf_topic_2,0.13646899,0.0,0.13646899,0.05604169,0.06450773,0.01427525,0.0,0.0,0.03062913
BAC-2022,BAC,Bank of America,Financials,2022,0001193125-22-067335,0ceca73c3d6d66c3078c97b7412a80b4f46371d8c31074454394e2f53f93b2d5,nmf_topic_4,0.13823299,0.01268214,0.06760541,0.01988593,0.13823299,0.00313335,0.0,0.02031386,0.03974398
BAC-2023,BAC,Bank of America,Financials,2023,0001193125-23-062686,36de9bfb3350f409772203883ea11589f5e40cab429a7851035f0a8080a4bf5b,nmf_topic_4,0.1486225,0.00900971,0.06453533,0.01175897,0.1486225,0.0011848,0.0,0.02330009,0.02673569
BAC-2024,BAC,Bank of America,Financials,2024,0001193125-24-064529,e8b49111bbe3b3d19bc133a59a3b84428517256360bdc90c7bb505f67a4365c9,nmf_topic_4,0.14778358,0.0,0.07576205,0.00757624,0.14778358,0.00350298,0.0,0.02672069,0.02658839
WFC-2016,WFC,Wells Fargo,Financials,2016,0001193125-16-506771,20762f6677d387628bf1c1a95448a555cbf37b3dec9f49dff59c7fac857452ed,nmf_topic_3,0.13433126,0.04621005,0.00335407,0.13433126,0.0,0.00985217,0.03402775,0.00794811,0.01632645
WFC-2017,WFC,Wells Fargo,Financials,2017,0001193125-17-083591,50040fa3bf9d77a63041aa8a2f10a7da2f8ae0bd61da7443aed2cc232631646d,nmf_topic_3,0.09559547,0.04349922,0.07950026,0.09559547,0.0,0.01609508,0.00921009,0.01481446,0.00285505
WFC-2018,WFC,Wells Fargo,Financials,2018,0001193125-18-082312,6bd5185abd2d2c541b54493bc798e2ea6d9c57e9e3ce442823982b42de4a17a6,nmf_topic_2,0.15671913,0.02296724,0.15671913,0.0427322,0.0,0.00796364,0.01859813,0.00997399,0.02036502
WFC-2019,WFC,Wells Fargo,Financials,2019,0001193125-19-073314,8693f02e0528c596fe90aa7fcbe4fa2fc757a93590260af9951fed8bfeb91e01,nmf_topic_2,0.17355375,0.02783262,0.17355375,0.03911997,0.0,0.00731259,0.00990485,0.02374958,0.02179421
WFC-2020,WFC,Wells Fargo,Financials,2020,0001193125-20-074921,c2ed8707139456ac5afbc4be5ebeaf75307e87fbbd5d4731663ff888e45d6146,nmf_topic_2,0.12748626,0.01550614,0.12748626,0.05456276,0.01353943,0.01225132,0.01991279,0.0298191,0.03651045
WFC-2021,WFC,Wells Fargo,Financials,2021,0001193125-21-082907,745dfeb2f44a31ce39d408ae2f452f2519c17115f3c74a1aa5a45bc70c51c156,nmf_topic_2,0.19563491,0.00756012,0.19563491,0.02211862,0.02652501,0.0,0.0,0.01496842,0.00627797
WFC-2022,WFC,Wells Fargo,Financials,2022,0001193125-22-074612,0c1887bd29d65a8782449506d048075b0403a448e56b1e39edefc4408b4d2055,nmf_topic_2,0.0935828,0.0,0.0935828,0.03572203,0.09194908,0.00047697,0.0,0.06270022,0.03182009
WFC-2023,WFC,Wells Fargo,Financials,2023,0001193125-23-071373,b0f53b2d079c24fb82c229b65637fb335a0f8c99f9e889a8be00efecbae7a9f0,nmf_topic_7,0.1328909,0.0,0.06085779,0.02057293,0.09136903,0.00064324,0.0,0.1328909,0.0358385
WFC-2024,WFC,Wells Fargo,Financials,2024,0000072971-24-000084,4cfc6a845a2bfc1e48a40899a1f51aeafd14cf5b36a92368b0fa6204707348d5,nmf_topic_7,0.2447843,0.0,0.06701718,0.0,0.02153193,0.0,0.0,0.2447843,0.0
GS-2016,GS,Goldman Sachs,Financials,2016,0001193125-16-534905,3cec45b6fc5f569c753fa10e01afc999b98e592a30b6a13b15c629c6c10f47d1,nmf_topic_7,0.17189037,0.06689357,0.04581239,0.00492365,0.0,0.00424285,0.05278925,0.17189037,0.0
GS-2017,GS,Goldman Sachs,Financials,2017,0001193125-17-086538,9216c37934dab437d6a0ebf9d2658871ddcf1efa7efb9e6b64b963c5c358b650,nmf_topic_7,0.17741492,0.06760418,0.0332571,0.00599975,0.0,0.00431776,0.06321567,0.17741492,0.0
GS-2018,GS,Goldman Sachs,Financials,2018,0001193125-18-093157,8d72c9044a4c68f3f049e0ef86985435d30e1eb6336ae7ec5e95d865fd33c596,nmf_topic_7,0.27373324,0.06817681,0.0,0.0,0.0,0.00651689,0.041917,0.27373324,0.0
GS-2019,GS,Goldman Sachs,Financials,2019,0001193125-19-082951,347aa72e359a802ea71da819535eadf6bce9f15186999274094eebed459a78ff,nmf_topic_7,0.27370755,0.05560994,0.00635322,0.0,0.0,0.0051371,0.05275811,0.27370755,0.0
GS-2020,GS,Goldman Sachs,Financials,2020,0001193125-20-080718,7aa695e62c02356740047c42c8b7d8b4e312becf4b1c2193d3bef347b27cfb30,nmf_topic_7,0.28932857,0.05594867,0.00013861,0.0,0.0,0.00586678,0.04478335,0.28932857,0.0
GS-2021,GS,Goldman Sachs,Financials,2021,0001193125-21-087020,aacadd2b24a0d2b78f7704623b80c937f39a76de08998269b94adbc04a42d878,nmf_topic_7,0.2952399,0.05535014,0.0,0.0,0.0,0.0,0.04315532,0.2952399,0.00254866
GS-2022,GS,Goldman Sachs,Financials,2022,0001193125-22-079120,cc17744da76958314419c7f34c55a30e7995650257db5dbd5fed59071afa673a,nmf_topic_7,0.30554983,0.04460678,0.0,0.0,0.0,0.00203911,0.04785553,0.30554983,0.0
GS-2023,GS,Goldman Sachs,Financials,2023,0001193125-23-073347,bd0d3d7f5494767a5607ae4c46d672c57bd9c778dbb86f75e249a3bb1f7fd404,nmf_topic_7,0.3296967,0.02830226,0.0,0.0,0.00336503,0.0,0.03941153,0.3296967,0.0
GS-2024,GS,Goldman Sachs,Financials,2024,0001193125-24-068743,0ad0b1a86b119b1bb9184736dca21a6e85a97527323d22fffea2e90092259153,nmf_topic_7,0.33114002,0.02849595,0.0,0.0,0.00188782,0.0,0.03441352,0.33114002,0.0
MS-2016,MS,Morgan Stanley,Financials,2016,0001206774-16-005286,7c904b1984aab1d3de7be41b8659c757d7290f6c1cba8ed4fec6a8311516c91a,nmf_topic_2,0.11523948,0.11276929,0.11523948,0.0,0.01367406,0.0,0.01198939,0.00350412,0.00595403
MS-2017,MS,Morgan Stanley,Financials,2017,0001206774-17-001114,a53b0c8009c4bdf461593cc11a8a6be72eea843c0d289cdcff1139074ab3f63f,nmf_topic_2,0.17942812,0.08075395,0.17942812,0.0,0.0,0.0,0.01117192,0.0,0.0
MS-2018,MS,Morgan Stanley,Financials,2018,0001193125-18-109962,f0bba52f4780d35e04fb00d8a8fedc8ed375f7fff10921f1b06c55af9201e2a8,nmf_topic_2,0.18265176,0.08547805,0.18265176,0.0,0.005427,0.0,0.01466854,0.0,0.0
MS-2019,MS,Morgan Stanley,Financials,2019,0001193125-19-099179,a3ba9862ae5978ce8622b9b0ab9bfbd6cbc3b0b8ccc22bb2efad6152be64c943,nmf_topic_2,0.17904565,0.08662684,0.17904565,0.0,0.00365457,0.0,0.00399571,0.0,0.0
MS-2020,MS,Morgan Stanley,Financials,2020,0001193125-20-098079,af2efd5bf0f9a08a73907768efd5ad03783803f687f553ed5d83ce7d8952efe8,nmf_topic_2,0.22462556,0.03723004,0.22462556,0.0,0.0,0.0,0.0,0.0,0.0
MS-2021,MS,Morgan Stanley,Financials,2021,0001140361-21-011226,8b7c8f3666e4ebb2d26045093b2c9bd725b99c9d10f0db43f8224b9fc95b98a7,nmf_topic_2,0.23689951,0.0034792,0.23689951,0.0,0.0,0.0,0.0,0.0,0.0
MS-2022,MS,Morgan Stanley,Financials,2022,0001140361-22-013794,9d82c8fe6460866dbf82b051e43f67864fd723e9e95d51b9bdb5cf16c93f8f3d,nmf_topic_2,0.22934697,0.0188931,0.22934697,0.0,0.00669705,0.0,0.0,0.0,0.0
MS-2023,MS,Morgan Stanley,Financials,2023,0001140361-23-016930,0964c7dbcaada502334f3c5886fca273d6f294867799549858b92bccdb0642e2,nmf_topic_2,0.13848155,0.02690102,0.13848155,0.0,0.08730144,0.0,0.0,0.00853397,0.0
MS-2024,MS,Morgan Stanley,Financials,2024,0001140361-24-018302,3add67cacf7c6381a85c0d56d3144e50ce3b60772f005aa30de9ca537066deef,nmf_topic_4,0.13610855,0.04417186,0.06157471,0.0,0.13610855,0.0,0.0,0.01513763,0.0
SCHW-2016,SCHW,Charles Schwab,Financials,2016,0001193125-16-523055,93191fbdc6c00ed0d6ce863484c893c22d0440b8c4db7efae44b81cdad0216ee,nmf_topic_1,0.21435011,0.21435011,0.02263634,0.0,0.0,0.0,0.0,0.0,0.0
SCHW-2017,SCHW,Charles Schwab,Financials,2017,0001193125-17-103408,b62da4fff63d1193ffe3dfdd1e0f55f8cde982a758a98d54a28da41319a27a62,nmf_topic_1,0.21718216,0.21718216,0.01269108,0.00468845,0.0,0.0,0.0,0.0,0.0
SCHW-2018,SCHW,Charles Schwab,Financials,2018,0001193125-18-103068,f0561e848af3cba8cfbd208c1b332454265943158987fc286b65cf9f0d27b24e,nmf_topic_1,0.22333888,0.22333888,0.01199563,0.0,0.0,0.0,0.0,0.0,0.0
SCHW-2019,SCHW,Charles Schwab,Financials,2019,0001193125-19-092204,b23349e3d0857d90200834d6c04c2e1708758c1e986e7c7fc13de2564a8bd651,nmf_topic_1,0.21693621,0.21693621,0.02624935,0.0,0.0,0.0,0.0,0.0,0.0
SCHW-2020,SCHW,Charles Schwab,Financials,2020,0001193125-20-092483,71fccbad34d1b6b14d5caef30e4473c91fd23a729e61fa58dc3b83703a0dd7c7,nmf_topic_1,0.22150366,0.22150366,0.02480847,0.0,0.0,0.0,0.0,0.0,0.0
SCHW-2021,SCHW,Charles Schwab,Financials,2021,0001193125-21-104906,15db1ba8cd9cb0482a2acacf0725074953fd7c85cd7245ccc1518da8b77dccf5,nmf_topic_1,0.2095688,0.2095688,0.03932547,0.0,0.0,0.0,0.0,0.0,0.0
SCHW-2022,SCHW,Charles Schwab,Financials,2022,0001193125-22-093320,1275b8369f1d6290733ebe049363db117301ceed78b52e24ead997218aacf61d,nmf_topic_1,0.17485956,0.17485956,0.0,0.0,0.04567076,0.0,0.0,0.0,0.0
SCHW-2023,SCHW,Charles Schwab,Financials,2023,0001193125-23-086655,5b0ed700d2d623595fa284339556fef109e15701776f8502ee9ed6332319596b,nmf_topic_1,0.15364633,0.15364633,0.0,0.00255765,0.07922394,0.0,0.0,0.00318306,0.0
SCHW-2024,SCHW,Charles Schwab,Financials,2024,0001193125-24-087883,c75810849e0ed3c3fc6375384908750692c72815beb16c853c89cc90d543baf0,nmf_topic_1,0.15316101,0.15316101,0.0,0.0,0.07133319,0.0,0.0,0.00592979,0.0
AXP-2016,AXP,American Express,Financials,2016,0001206774-16-005032,c509c79217eaad844252e289ef92b438e87c262b860244d6c67ccf1022e1de62,nmf_topic_7,0.09182047,0.05534094,0.06106265,0.00145524,0.0,0.0473876,0.02400552,0.09182047,0.0388417
AXP-2017,AXP,American Express,Financials,2017,0001206774-17-000900,303fdb4d54c3a16c837ae329f7888150b08773c382ee965225f622dd98753d00,nmf_topic_7,0.12784322,0.08964204,0.02458384,0.0,0.00074422,0.00379439,0.05307621,0.12784322,0.03406682
AXP-2018,AXP,American Express,Financials,2018,0001206774-18-000866,aa8806b53ed26dd7eddc105f6da167225454dcc960f56ddf33cb51b315400ebd,nmf_topic_7,0.24286842,0.07521247,0.0,0.0,0.0,0.00453949,0.04287866,0.24286842,0.03249607
AXP-2019,AXP,American Express,Financials,2019,0001206774-19-000869,9beeb1a6896bda658e3f4bd5996516f6bfa65d7f4278fa9f35fefba09a075c80,nmf_topic_7,0.24812944,0.04019862,0.04645373,0.0,0.0,0.00659105,0.03207867,0.24812944,0.02819968
AXP-2020,AXP,American Express,Financials,2020,0001193125-20-083487,899cd397e3e8b56179681344ba39f807e81fd4d2e8736246fe80528ecc705eb5,nmf_topic_7,0.27055903,0.04677979,0.0,0.00775498,0.0,0.01443238,0.02595377,0.27055903,0.05431246
AXP-2021,AXP,American Express,Financials,2021,0001193125-21-087284,362b8a2bb279beb007e1309a86827b447d7a86433c1e12ff770655794fbc9985,nmf_topic_7,0.24843758,0.01659746,0.00990076,0.0135199,0.04938824,0.01757927,0.01440594,0.24843758,0.04122726
AXP-2022,AXP,American Express,Financials,2022,0001193125-22-079264,9a6f2540ad3b32c2e05244c364a27a114158d1091a6138bba27d20767e5b3fea,nmf_topic_7,0.2783009,0.01021516,0.03201475,0.0,0.03524037,0.0,0.01244615,0.2783009,0.03358869
AXP-2023,AXP,American Express,Financials,2023,0001193125-23-073923,cf71dae782e057f86b70ac8ca7f3533e08b567ec375fcab474f6ec251a469b25,nmf_topic_7,0.29093424,0.00919816,0.01167921,0.0,0.0409525,0.00394295,0.01518008,0.29093424,0.03247909
AXP-2024,AXP,American Express,Financials,2024,0001193125-24-068837,eaf0373d09b65432f8bd9836e7845e852fda43fd5e42fb986d52c1a723fbafee,nmf_topic_7,0.28125818,0.00596174,0.0,0.0,0.09175771,0.0,0.0,0.28125818,0.00990344
C-2016,C,Citigroup,Financials,2016,0001206774-16-004949,f0926eacbc16b3e58fbc3ce4726d15cb2adf46f1c1b0269d0f6505ac8e2007bb,nmf_topic_2,0.20468072,0.02389664,0.20468072,0.00304082,0.0,0.00543184,0.0,0.0,0.0
C-2017,C,Citigroup,Financials,2017,0001206774-17-000828,066b11e0a96c757a7190e0c4c9bb78d2b474241bff155c742523337b2938a9d7,nmf_topic_2,0.1372539,0.03705315,0.1372539,0.05515114,0.0,0.00068243,0.0,0.0,0.02150936
C-2018,C,Citigroup,Financials,2018,0001206774-18-000792,1014968c0f9cb2c087b30928c016e678f0983f92508a0cb00ca86988d5bf9210,nmf_topic_2,0.16890866,0.03686266,0.16890866,0.01032917,0.0,0.0,0.00537651,0.0,0.0
C-2019,C,Citigroup,Financials,2019,0001206774-19-000719,47b8c4eb8eff6dc720c18555986e28275c3ce4e483ba500ed2ca3e3af9f5ad57,nmf_topic_2,0.18749582,0.02798616,0.18749582,0.0,0.0,0.00264546,0.0,0.00743763,0.00815771
C-2020,C,Citigroup,Financials,2020,0001206774-20-000777,8ed67e21fc5c33ef8ec7f6e547e3e46efb138a44cbf1453e0cce02acbacdee87,nmf_topic_2,0.19854002,0.02714883,0.19854002,0.00966578,0.0,0.00587288,0.0,0.0,0.0
C-2021,C,Citigroup,Financials,2021,0001206774-21-000735,4982b0ea366139f3f297a6d7346b437049ff866e22a05f7a187cdf0bc499f07f,nmf_topic_2,0.22027309,0.00418223,0.22027309,0.00772147,0.0,0.0,0.0,0.0,0.01076889
C-2022,C,Citigroup,Financials,2022,0001206774-22-000697,95f068b46197f5866a2611260019df4cede5dcdb617cac0f370e23e352278487,nmf_topic_2,0.18182042,0.0,0.18182042,0.0,0.02631193,0.0,0.0,0.02538399,0.0
C-2023,C,Citigroup,Financials,2023,0001206774-23-000374,f6837cddb7a30210c789d42ddc2f9dc0243f33ecb01d1f20f345f441f7eb4235,nmf_topic_2,0.15585853,0.0,0.15585853,0.0,0.03033552,0.0,0.0,0.0283167,0.0
C-2024,C,Citigroup,Financials,2024,0001145443-24-000041,8da17041fc96839ac1b9a3da9220c9986c9e33058b99a0677f13057e0606099c,nmf_topic_2,0.12783954,0.0,0.12783954,0.00802578,0.06123374,0.0,0.0,0.04579173,0.0
LLY-2016,LLY,Eli Lilly,Healthcare,2016,0000059478-16-000331,474348896febc438e9d631e1338470edd71851499fcc17d48baaa35ce7b4ec3e,nmf_topic_6,0.118885,0.06247872,0.05623991,0.0,0.02126729,0.01199512,0.118885,0.00712545,0.00012288
LLY-2017,LLY,Eli Lilly,Healthcare,2017,0000059478-17-000108,5955a292ff22ed2bdfc58c380548938e60118e883ec057c9f45d474e8b73f9b8,nmf_topic_6,0.11354544,0.07868674,0.03281505,0.00248411,0.01842321,0.00843907,0.11354544,0.00755728,0.0089383
LLY-2018,LLY,Eli Lilly,Healthcare,2018,0000059478-18-000111,65381db57fb004d02e89acfe7bec1732822de568b681024575a9cb06fbef1ec3,nmf_topic_6,0.13409357,0.05256991,0.00187317,0.0,0.04003765,0.00422165,0.13409357,0.00970392,0.00390042
LLY-2019,LLY,Eli Lilly,Healthcare,2019,0000059478-19-000146,eebb421d949c62657cf76e6e3217a0346bba4a65a60a7238d924de4f822d9ab0,nmf_topic_6,0.11912373,0.04877474,0.03403614,0.0,0.03589898,0.00663451,0.11912373,0.00232526,0.02099143
LLY-2020,LLY,Eli Lilly,Healthcare,2020,0000059478-20-000080,c2c5df822215c2b952a71a5ce7514772125b9d0cf5b073dba1d3b87daedfaac4,nmf_topic_6,0.10172254,0.03443894,0.06229071,0.0,0.04752137,0.0,0.10172254,0.01093871,0.00309782
LLY-2021,LLY,Eli Lilly,Healthcare,2021,0000059478-21-000104,b3db7a548daac7d4b7baa6a87fc36d29bbf2d86db39a21b234d3ad7e8533bc0b,nmf_topic_2,0.1169889,0.0,0.1169889,0.0,0.07405166,0.0,0.07540738,0.00127587,0.0122313
LLY-2022,LLY,Eli Lilly,Healthcare,2022,0000059478-22-000099,f988b24316ce2c9f8ff0c940ddf7215151f357b724192948cbcd210350e5940b,nmf_topic_4,0.10259483,0.0,0.08094256,0.0,0.10259483,0.0,0.05159141,0.02677993,0.0
LLY-2023,LLY,Eli Lilly,Healthcare,2023,0000059478-23-000120,32cbd795d7225f7c3fe9a1fe1ccff641aed0641d7da42ab3ce1d7693419f2f35,nmf_topic_7,0.10301016,0.0,0.02520578,0.0,0.10137189,0.0,0.06118936,0.10301016,0.0
LLY-2024,LLY,Eli Lilly,Healthcare,2024,0000059478-24-000099,8a560dc717d7842db8800c4d3418ff7ec5bc254eaf18ef5859a171e7d6f1a874,nmf_topic_7,0.11103264,0.0,0.02879412,0.0,0.1020899,0.0,0.05193004,0.11103264,0.0
UNH-2016,UNH,UnitedHealth Group,Healthcare,2016,0001047469-16-012475,7af488eae76731af1ec3b630264badc198f8068220c887cf068ad254eaf10561,nmf_topic_1,0.12687521,0.12687521,0.0,0.05113863,0.047128,0.0,0.0328445,0.01905669,0.00054368
UNH-2017,UNH,UnitedHealth Group,Healthcare,2017,0001047469-17-002810,8f750d9c14415cdbbfbc33c732bba34df552ed9c979513e7c77b9ba83c94addf,nmf_topic_1,0.11994686,0.11994686,0.0,0.04825976,0.05565206,0.00264537,0.05193188,0.00493882,0.0
UNH-2018,UNH,UnitedHealth Group,Healthcare,2018,0001047469-18-002993,578ab017649e58d87da3d7b6f24d3fc3816094811399cee68a2cc1f49643d0ef,nmf_topic_1,0.12599701,0.12599701,0.0,0.0433704,0.04971937,0.0,0.04616909,0.01463282,0.0051322
UNH-2019,UNH,UnitedHealth Group,Healthcare,2019,0001047469-19-002425,6b3f41bc462bdc89e2aba19ca46930f3c7199b57370f0f4aaaaac3a20c78f5df,nmf_topic_1,0.11239623,0.11239623,0.00977381,0.04221354,0.06643855,0.0,0.04852344,6.257e-05,0.0
UNH-2020,UNH,UnitedHealth Group,Healthcare,2020,0001047469-20-002403,c6489433799218a8115ddee271a57892757df5bf642bb84c719cdd10931a3f27,nmf_topic_2,0.15616607,0.009653,0.15616607,0.01426309,0.02372442,0.0,0.02294,0.0,0.02025946
UNH-2021,UNH,UnitedHealth Group,Healthcare,2021,0001047469-21-001031,2a7604bd2b6666c176ecea02ac14060812237ac5254669f4a1a17c2aa2a1cd73,nmf_topic_4,0.09939483,0.08450745,0.04263848,0.02335277,0.09939483,0.0,0.02290463,0.00772197,0.0
UNH-2022,UNH,UnitedHealth Group,Healthcare,2022,0001104659-22-048923,12ca46dbcbc4d1d4e453db6d11745e0d38d58097410dd8a8549a8b80323217da,nmf_topic_2,0.12568186,0.0,0.12568186,0.01715822,0.096768,0.00277268,0.0,0.01393135,0.0
UNH-2023,UNH,UnitedHealth Group,Healthcare,2023,0001104659-23-048439,54541984e8646e8cb61394a7b034c2263506242c98fbce470bd252e9f91a3a46,nmf_topic_2,0.1305719,0.0,0.1305719,0.00146583,0.08896404,0.0,0.0,0.02904096,0.0
UNH-2024,UNH,UnitedHealth Group,Healthcare,2024,0001104659-24-050055,68689be1b79d69ec4f43fc2087694aaec55a35bc44087d34acfe854059ccec06,nmf_topic_2,0.16139042,0.0,0.16139042,0.0,0.04925378,0.0,0.0,0.01087988,0.0
JNJ-2016,JNJ,Johnson & Johnson,Healthcare,2016,0001193125-16-505952,c052baa632aef90c80cb219d6c2d924ec23c04dc7be2af33975526ea56ecc606,nmf_topic_6,0.08778834,0.06387397,0.06901825,0.01344659,0.06686207,0.00465201,0.08778834,0.0,0.01890675
JNJ-2017,JNJ,Johnson & Johnson,Healthcare,2017,0000200406-17-000015,74f448317f27c5a708f1e64eaf0fe08ed941804c8075f302d9ae9ae7efebc10a,nmf_topic_2,0.11656552,0.02785413,0.11656552,0.04478912,0.05538001,0.01045453,0.03301676,0.0,0.02089929
JNJ-2018,JNJ,Johnson & Johnson,Healthcare,2018,0000200406-18-000009,4399519568cddfff543b6fc9d6f640a06aa0b36d263a931403a3d0579efceadd,nmf_topic_2,0.16491444,0.0,0.16491444,0.03432154,0.04260726,0.0084312,0.04650774,0.0,0.01269997
JNJ-2019,JNJ,Johnson & Johnson,Healthcare,2019,0000200406-19-000013,104fd1cc7d76a72405b9d5868a8da94125c028fe10d41e6ae159c7eb5dd64eaf,nmf_topic_2,0.16450505,0.0,0.16450505,0.04083057,0.02544119,0.01117011,0.02353954,0.0,0.01661881
JNJ-2020,JNJ,Johnson & Johnson,Healthcare,2020,0000200406-20-000018,9c4f368196bcb6eaa638e9c8a3c0418e80bfc11707111b4b609f0fee95c62277,nmf_topic_2,0.1549025,0.0,0.1549025,0.05036175,0.03151613,0.01403415,0.02407799,0.0,0.03324474
JNJ-2021,JNJ,Johnson & Johnson,Healthcare,2021,0000200406-21-000011,b21faa974e2d71e4bb29e7289f480346ee10076588c8055f2ad7122d048e9533,nmf_topic_2,0.13818278,0.0,0.13818278,0.03841869,0.08202746,0.0108282,0.00832824,0.0,0.02184332
JNJ-2022,JNJ,Johnson & Johnson,Healthcare,2022,0000200406-22-000026,40047eef6d90b870a9732ee98ae0d5bc7198b6256d1ed8e0135acfd8842c51d6,nmf_topic_2,0.17237116,0.0,0.17237116,0.03263349,0.08897316,0.00796742,0.0,0.0,0.00864377
JNJ-2023,JNJ,Johnson & Johnson,Healthcare,2023,0000200406-23-000023,7ffed8854455ca57c640f60256c84e9e2000c08b082b10a9b54c15ca97082b06,nmf_topic_2,0.12943782,0.0,0.12943782,0.00713472,0.12401499,0.0,0.0,0.00323359,0.00346582
JNJ-2024,JNJ,Johnson & Johnson,Healthcare,2024,0000200406-24-000024,84a1625fec382332d15eea0d0dfd4b81d0406db0016c64828b13b5463d6621e0,nmf_topic_4,0.16349699,0.00320091,0.03335172,0.02004658,0.16349699,0.0,0.00849656,0.03244601,0.01512289
ABBV-2016,ABBV,AbbVie,Healthcare,2016,0001047469-16-011386,763640cac6e42946e1bb1f745ac88053ab1ed9cd26b16d994facff4b7beb7643,nmf_topic_6,0.3771254,0.00828358,0.0,0.01844581,0.0,0.0,0.3771254,0.0,0.0
ABBV-2017,ABBV,AbbVie,Healthcare,2017,0001047469-17-001778,ffb92197d5ee6ac0318b93fef9b14a63db2f7ceaf18eccfbf5b340201efc2559,nmf_topic_6,0.38481882,0.0,0.0,0.02303862,0.0,0.0,0.38481882,0.0,0.0
ABBV-2018,ABBV,AbbVie,Healthcare,2018,0001047469-18-001843,6d0eada6ba0718c81cdeff60476f0b365981908cf17b16d7c77ba2da1de122ae,nmf_topic_6,0.39742168,0.0,0.0,0.01843342,0.0,0.0,0.39742168,0.0,0.0
ABBV-2019,ABBV,AbbVie,Healthcare,2019,0001047469-19-001544,666cd5984980d4c5ab5a3640982f0164476e693c41cc63334c32d9e89d0ff984,nmf_topic_6,0.38419722,0.0,0.0,0.01866651,0.0,0.0,0.38419722,0.0,0.0
ABBV-2020,ABBV,AbbVie,Healthcare,2020,0001047469-20-001710,742aed8ff276c0d2e5d5905f177e907e81ac534ef6a7cd193f2e6051d9846a81,nmf_topic_6,0.32955288,0.0,0.0,0.03623315,0.03115578,0.0,0.32955288,0.0,0.0
ABBV-2021,ABBV,AbbVie,Healthcare,2021,0001558370-21-003318,d8526bee974eaa927880c146d10d08b86827c212cde3ee2d698193a9bb2c3f3b,nmf_topic_6,0.26745912,0.0166853,0.00104763,0.02597558,0.04363157,0.0,0.26745912,0.0,0.0
ABBV-2022,ABBV,AbbVie,Healthcare,2022,0001558370-22-004011,9e3a002d8dc27ea568e3935a30176089b68c939f859dc2b3efb49e9600bd8c3f,nmf_topic_6,0.25119884,0.0,0.01056183,0.0,0.08811889,0.0,0.25119884,0.0,0.0
ABBV-2023,ABBV,AbbVie,Healthcare,2023,0001558370-23-004204,d1dbc4f3ad8df17d69dbee88d3895b48cb591fb4e778773b0b162f7c2fef3204,nmf_topic_6,0.24492368,0.0,0.00946541,0.0,0.09312791,0.0,0.24492368,0.0,0.0
ABBV-2024,ABBV,AbbVie,Healthcare,2024,0001558370-24-003496,72003cebbfd12c3dc2bd72ba7cdac2d673ad813f8841f494ed9959c7ba35fee8,nmf_topic_6,0.23387701,0.0,0.0,0.0,0.10190406,0.0,0.23387701,0.00341839,0.0
MRK-2016,MRK,Merck,Healthcare,2016,0001308179-16-000336,818573eb5dd9326f9e594ada7e4089a1653142e2711e1369c6d43ae9c8ff2dd2,nmf_topic_2,0.09146593,0.07656915,0.09146593,0.0,0.05622536,0.0,0.06952104,0.01181942,0.0
MRK-2017,MRK,Merck,Healthcare,2017,0001308179-17-000129,ebcc194bf60ec061e2d16b5fd8f9870099bf02bbeeddb34cc14ad71e791153d0,nmf_topic_2,0.09318562,0.0757356,0.09318562,0.0,0.06949841,0.0,0.05690472,0.0,0.0
MRK-2018,MRK,Merck,Healthcare,2018,0001308179-18-000164,78760e535c1160b7b58420081e077e3dbc61efcbd4759b0f5526af96e3451f3f,nmf_topic_2,0.11183254,0.06216663,0.11183254,0.0,0.05145985,0.0,0.06242481,0.0,0.0
MRK-2019,MRK,Merck,Healthcare,2019,0001140361-19-006720,a80932f4e47cec2a7fbcfeaea4d2e5e297e74234860f8093b2c88899d6b02004,nmf_topic_2,0.10923378,0.0,0.10923378,0.03771001,0.05001442,0.02032946,0.05557157,0.0,0.02775543
MRK-2020,MRK,Merck,Healthcare,2020,0001193125-20-099563,1496b1c6b988334fef1086fe7a4d5ba306f8bce3402f8f2c3e41b0b8fb5256e6,nmf_topic_2,0.08580059,0.0,0.08580059,0.04817073,0.06589714,0.01987786,0.04902642,0.0,0.03814299
MRK-2021,MRK,Merck,Healthcare,2021,0001193125-21-106317,9514262f80e8e9fabcb0e8ab61ac1e93e8ab4ec8ef68acf507c3be366555e93e,nmf_topic_4,0.08472534,0.0,0.07394057,0.04184599,0.08472534,0.01985492,0.04759114,0.0,0.04124147
MRK-2022,MRK,Merck,Healthcare,2022,0001193125-22-095134,efb272df09ffe401285b49920ef81f942dc755aa11d62cac66889550466ba6f0,nmf_topic_4,0.12124393,0.0,0.07947829,0.02223171,0.12124393,0.01526157,0.02310078,0.0,0.00838894
MRK-2023,MRK,Merck,Healthcare,2023,0001193125-23-089525,7c15b9c0b2bf3595bd78a6415bf0ae86dc2c0ff79ec80edad594eaf54cd300c8,nmf_topic_4,0.12869249,0.0,0.05737149,0.01853549,0.12869249,0.02058385,0.02488235,0.0,0.00534918
MRK-2024,MRK,Merck,Healthcare,2024,0001193125-24-093204,046183b414e84b87c610395453c77a9bee5fb0071dd9d2e1d7b3c9e7ec9f88dd,nmf_topic_4,0.12060715,0.0,0.04939831,0.01918454,0.12060715,0.01635826,0.01708167,0.0,0.02198376
TMO-2016,TMO,Thermo Fisher Scientific,Healthcare,2016,0001193125-16-530108,8abf452c38e61e9ce823a97149bb694879410f62d3f3dca80628339cd631fafa,nmf_topic_1,0.14912072,0.14912072,0.0,0.03981758,0.0,0.03628681,0.0,0.0,0.02654784
TMO-2017,TMO,Thermo Fisher Scientific,Healthcare,2017,0000097745-17-000014,0f036f30f72b49be030ef356be2b52b8ae4484271db7bc10d9467cda79dcec04,nmf_topic_1,0.1457764,0.1457764,0.0,0.04426864,0.0,0.04265016,0.0,0.0,0.02125667
TMO-2018,TMO,Thermo Fisher Scientific,Healthcare,2018,0000097745-18-000011,780ca00ac34415c7331090ee6be8a4624589c6a4e67c4c0d297411b139e62466,nmf_topic_1,0.14952731,0.14952731,0.0,0.03923047,0.0,0.04018668,0.0,0.0,0.02483217
TMO-2019,TMO,Thermo Fisher Scientific,Healthcare,2019,0001193125-19-101242,4cde07cea0aa236dca28404fb2e2fc91e076ffbe8b3984abb47e2cbea9bcf624,nmf_topic_2,0.09461741,0.0913647,0.09461741,0.0,0.0325838,0.00294457,0.02160137,0.0076063,0.04203967
TMO-2020,TMO,Thermo Fisher Scientific,Healthcare,2020,0001140361-20-008182,a5160fe4c534489f6d4784e978652032be966e1f52fd3ff27ef7afc981ea973b,nmf_topic_2,0.12875714,0.04636817,0.12875714,0.00748631,0.0714693,0.00917605,0.00925263,0.0,0.02838178
TMO-2021,TMO,Thermo Fisher Scientific,Healthcare,2021,0000097745-21-000019,0863aee4029b6122fe23cb9149dc7c7585c1b09a56a1d4e4ff8b6f810ba2a967,nmf_topic_2,0.15234224,0.00887951,0.15234224,0.02582636,0.07086769,0.01049027,0.00699865,0.0,0.02553827
TMO-2022,TMO,Thermo Fisher Scientific,Healthcare,2022,0000097745-22-000018,5263b10ac2f185889b5616819d7d297893ae230782709698f79157e3ae20dcd2,nmf_topic_2,0.11078106,0.02360558,0.11078106,0.0,0.11041354,0.0,0.0,0.02317141,0.01883852
TMO-2023,TMO,Thermo Fisher Scientific,Healthcare,2023,0000097745-23-000025,c9d84ae69cf2cc8a2993fb6f28467826ea1658725ffec505277f1e1d866689e5,nmf_topic_4,0.09798245,0.05518894,0.06491388,0.0,0.09798245,0.0,0.0,0.0407983,0.0
TMO-2024,TMO,Thermo Fisher Scientific,Healthcare,2024,0001193125-24-090173,48e8f1c3355cc982d3a365135c1f386b01826447162c83c5cefff3edab0a18c0,nmf_topic_4,0.11853094,0.0343303,0.07605566,0.0,0.11853094,0.0,0.0,0.04273059,0.0
ABT-2016,ABT,Abbott Laboratories,Healthcare,2016,0001047469-16-011351,3bae336a93b18782a3840d79c096ac0193450d9b243d96136b320c8f9e2918f3,nmf_topic_6,0.41094185,0.0,0.0,0.0,0.0,0.00332624,0.41094185,0.0,0.0
ABT-2017,ABT,Abbott Laboratories,Healthcare,2017,0001047469-17-001713,ecbb9972f3a1accf7cb2c923a09a29aa236287e8a67fb3233dddec3095ec46e9,nmf_topic_6,0.40544416,0.00231839,0.0,0.0,0.0,0.00506486,0.40544416,0.0,0.0
ABT-2018,ABT,Abbott Laboratories,Healthcare,2018,0001047469-18-001774,88451233452dfd7e8b120c8d62d550061881db1d10113d6a605ba6155d6a36f0,nmf_topic_6,0.41894154,0.0,0.0,0.0,0.0,0.00453288,0.41894154,0.0,0.0
ABT-2019,ABT,Abbott Laboratories,Healthcare,2019,0001047469-19-001316,d0e7a4e8f7af786010e67a4b2a9493da6b715ae692c577ab328d499df8222be6,nmf_topic_6,0.41824351,0.0,0.0,0.0,0.0,0.00384268,0.41824351,0.0,0.0
ABT-2020,ABT,Abbott Laboratories,Healthcare,2020,0001047469-20-001466,9131c45254ba3207207432c67793a6849a82b73e2ea9a52b953457d286bb3d39,nmf_topic_6,0.41531165,0.0,0.0,0.0,0.0,0.00344452,0.41531165,0.0,0.0
ABT-2021,ABT,Abbott Laboratories,Healthcare,2021,0001047469-21-000592,5f296d8ae00edab7d808e4deb66223608eb56e4ea60c84ca1ac396ed8b86c6e7,nmf_topic_6,0.3316826,0.0,0.0,0.0,0.03606289,0.00293963,0.3316826,0.0,0.02109538
ABT-2022,ABT,Abbott Laboratories,Healthcare,2022,0001206774-22-000778,95e7746f666de89faaaf232ac1aa7518bedbff8bbb1eeda56a321003e5e76bdf,nmf_topic_6,0.26804179,0.0,0.02273966,0.0,0.07406869,0.0,0.26804179,0.01351578,0.0
ABT-2023,ABT,Abbott Laboratories,Healthcare,2023,0001308179-23-000247,8e9bc4ecb9f9df82bbcbe99818d693c16e89b7a1b7a2eb95bea124653949985a,nmf_topic_6,0.27783669,0.0,0.00141623,0.0,0.07354613,0.0,0.27783669,0.03811852,0.0
ABT-2024,ABT,Abbott Laboratories,Healthcare,2024,0001308179-24-000182,3803fa30b2cb66eb924bc5ae9cb1ef887a11761ccc4e4d9e329d64489425e440,nmf_topic_6,0.24702473,0.0,0.026771,0.0,0.06403819,0.0,0.24702473,0.04401313,0.0
PFE-2016,PFE,Pfizer,Healthcare,2016,0000930413-16-006044,2324350b4895a517dcf708954af183a125470b6c6d2513365fc6ce1532439ae2,nmf_topic_3,0.08126812,0.02219769,0.05019671,0.08126812,0.02436535,0.02668876,0.03535721,0.00409775,0.06111656
PFE-2017,PFE,Pfizer,Healthcare,2017,0000930413-17-001059,24e8dcce92a4f7c68ffd561f619f6fe6d64190d929a3a68d90ecc8750616c489,nmf_topic_2,0.19090781,0.02350439,0.19090781,0.0,0.0,0.00639694,0.02034073,0.0,0.01348126
PFE-2018,PFE,Pfizer,Healthcare,2018,0000930413-18-000973,f46ef16793d89cdd837c5a4c5d21399b4d291e2bdb20c81908636bdaca22cc08,nmf_topic_2,0.18499797,0.02609235,0.18499797,0.0,0.0,0.00216714,0.02409239,0.0,0.00843573
PFE-2019,PFE,Pfizer,Healthcare,2019,0000930413-19-000953,27d55d6d53bc6172f9a26c11c901301c12e05ccd65322823d7453678ceb19720,nmf_topic_2,0.20097159,0.02237075,0.20097159,0.0,0.0,0.00715137,0.01370838,0.00066003,0.00862953
PFE-2020,PFE,Pfizer,Healthcare,2020,0000930413-20-000781,2854f3b64cd186dacf6c54a56ab7f96dd27fb990c73f046ade8ef38f2c62f2d5,nmf_topic_2,0.19157993,0.01274478,0.19157993,0.0,0.0,0.00846953,0.02387943,0.01735453,0.00650796
PFE-2021,PFE,Pfizer,Healthcare,2021,0000078003-21-000047,67aad5a55503c464e7993560363a4a5271094cfc7cce71bb8dc8e16331548fb1,nmf_topic_2,0.21444933,0.0,0.21444933,0.0,0.0,0.0,0.02691326,0.00091466,0.0
PFE-2022,PFE,Pfizer,Healthcare,2022,0000078003-22-000038,0b8ccb0d126ee27fa3445b81c8638afb71abc0b64a4c42e851c40860919bc9ca,nmf_topic_2,0.09640516,0.01837701,0.09640516,0.0,0.07914846,0.0,0.00324255,0.04308616,0.0
PFE-2023,PFE,Pfizer,Healthcare,2023,0000078003-23-000040,21e2046b2fcc3e63e1cb545739038ede05b23df636f8857c5c5d8d9dbe825f79,nmf_topic_2,0.09193181,0.01360159,0.09193181,0.0,0.07740361,0.0,0.02389306,0.02998078,0.0
PFE-2024,PFE,Pfizer,Healthcare,2024,0000078003-24-000068,403c7efdaf9788cb1cc36f1292c5a1b94b8929d0111a1d329fd5e4d280587e42,nmf_topic_2,0.10663755,0.01337948,0.10663755,0.0,0.07528576,0.0,0.00331481,0.05533333,0.0
MDT-2016,MDT,Medtronic,Healthcare,2016,0001193125-16-677599,5c4937b991a95d611a6bb0cf48176c5457984739513016a20475c8a38df31811,nmf_topic_8,0.51537105,0.02446284,0.0,0.0,0.0,0.0,0.01317883,0.0,0.51537105
MDT-2017,MDT,Medtronic,Healthcare,2017,0001308179-17-000223,9bb72ea3ca5134cb16959da16c93136916d81e04a41e6b9ff40405cffe2c148f,nmf_topic_8,0.55331699,0.0300472,0.0,0.0,0.0,0.0,0.00172039,0.0,0.55331699
MDT-2018,MDT,Medtronic,Healthcare,2018,0001308179-18-000261,8b5aa971f0b9cf24e72ce1126cba9569bab4869a63139430931e17a826e1ebbd,nmf_topic_8,0.55196031,0.03160199,0.0,0.0,0.0,0.0,0.00722527,0.0,0.55196031
MDT-2019,MDT,Medtronic,Healthcare,2019,0001308179-19-000222,71bcf963824f898329883e5129c84b1044f1cfe186941a76c991509f2977fc3e,nmf_topic_8,0.58679958,0.01276279,0.0,0.0,0.0,0.0,0.00143676,0.0,0.58679958
MDT-2020,MDT,Medtronic,Healthcare,2020,0001193125-20-220558,fdf9dfa43d207bcaa4c89b37756ba2991c723ba21d944971277877bca330f8fd,nmf_topic_8,0.58743665,0.0,0.01048974,0.0,0.0,0.0,0.0,0.0,0.58743665
MDT-2021,MDT,Medtronic,Healthcare,2021,0001193125-21-259369,7f6545bb648d908b17ffc045474f57057c850a70036860758e40e4464273b21d,nmf_topic_8,0.5826768,0.0,0.01029687,0.0,0.0,0.0,0.0,0.0,0.5826768
MDT-2022,MDT,Medtronic,Healthcare,2022,0001193125-22-225369,f1b0d0e5cf2d112597212c0111c21bf0f4d07deab9fc9fcbd4f727a4b0bedfc8,nmf_topic_8,0.5552176,0.0,0.0,0.0,0.0,0.0,0.0,0.0009268,0.5552176
MDT-2023,MDT,Medtronic,Healthcare,2023,0001613103-23-000108,8c3c38244fb1987df0e3fa6a83b5e448d16d6fd5f60c9b19e90215aa0c813ba9,nmf_topic_8,0.5365674,0.0,0.0,0.0,0.03362172,0.0,0.0,0.00326286,0.5365674
MDT-2024,MDT,Medtronic,Healthcare,2024,0001613103-24-000124,5c2f1560b6be02c1f188e800b5c5e66f12d6ce968c7c11cce45e6996ac5b3470,nmf_topic_8,0.53680463,0.0,0.0,0.0,0.01338476,0.0,0.0,0.03990289,0.53680463
BMY-2016,BMY,Bristol-Myers Squibb,Healthcare,2016,0001047469-16-011495,23b1b929c73e5a466f29415790f0ac9e9b117db6ca0ca080eec07e10682e712c,nmf_topic_4,0.15055271,0.05924038,0.02218917,0.0,0.15055271,0.0104957,0.05093823,0.0,0.0
BMY-2017,BMY,Bristol-Myers Squibb,Healthcare,2017,0001047469-17-001940,3f9bd55a7b082b80e4d08c20d109d70ef2ffee366f8f79ff813ac36d80f8cfdb,nmf_topic_4,0.14688865,0.0845885,0.0,0.0,0.14688865,0.01121131,0.04135787,0.0,0.0
BMY-2018,BMY,Bristol-Myers Squibb,Healthcare,2018,0001047469-18-002011,d89e7850d33dbfd6d92e1183d43ab1b9418b9899682689ebc2cd23e10e977598,nmf_topic_4,0.14273654,0.07060582,0.03146082,0.0,0.14273654,0.01053762,0.04825325,0.0,0.0
BMY-2019,BMY,Bristol-Myers Squibb,Healthcare,2019,0001047469-19-002763,11b21e14dfcd7f3288f36081b576dc489e37cbb99e05c273b59f4ad1c3904ed6,nmf_topic_4,0.14366606,0.06766525,0.03681076,0.0,0.14366606,0.01278773,0.05025874,0.0,0.0
BMY-2020,BMY,Bristol-Myers Squibb,Healthcare,2020,0001140361-20-006834,319d3c9df1d613ff25aa8fb76f0b4a80852d3f506d213f5d30ec9e478bc5fa6f,nmf_topic_4,0.17411403,0.04352814,0.01866299,0.0,0.17411403,0.01289787,0.0382693,0.0,0.0093975
BMY-2021,BMY,Bristol-Myers Squibb,Healthcare,2021,0001140361-21-010010,17e2ab5508096d1d9423b1b591bd20289bdb48889a6eeff3cb7a515f1530612c,nmf_topic_4,0.21137679,0.06425464,0.0,0.0,0.21137679,0.00992374,0.0,0.0,0.0
BMY-2022,BMY,Bristol-Myers Squibb,Healthcare,2022,0001140361-22-010987,ffca45b97291ebbbdd78213ea654167127889fd17236a8115b856c15b16c3f9d,nmf_topic_4,0.24424037,0.03827013,0.0,0.0,0.24424037,0.01429188,0.01498465,0.0,0.00376007
BMY-2023,BMY,Bristol-Myers Squibb,Healthcare,2023,0001140361-23-013442,f271d0cd371a04ec845a464b409d81e703b4535850649f2756762a2caaf14580,nmf_topic_4,0.28214389,0.00530601,0.0,0.0,0.28214389,0.00374102,0.00216705,0.0,0.0
BMY-2024,BMY,Bristol-Myers Squibb,Healthcare,2024,0001140361-24-016251,5d036baa3a773e73d1928dbe6f1029b016634a36636ce7f0e779bb1ca7c5d8e3,nmf_topic_4,0.27034316,0.01434872,0.0,0.0,0.27034316,0.0,0.0,0.0,0.0
AMZN-2016,AMZN,Amazon,Consumer Discretionary,2016,0001193125-16-530747,a063bf49b153109ebb3cff542afeffa6c16e82920979bfa557e79485c13c6754,nmf_topic_3,0.13750609,0.0,0.0,0.13750609,0.0,0.13270886,0.04786835,0.0,0.0
AMZN-2017,AMZN,Amazon,Consumer Discretionary,2017,0001193125-17-120195,ea8c433f7ff014d1ca72e3ded48ec52eca850941a33d0b04ed3e2343e0e60484,nmf_topic_3,0.13640276,0.00175196,0.0,0.13640276,0.0,0.11723241,0.05415429,0.0,0.00213223
AMZN-2018,AMZN,Amazon,Consumer Discretionary,2018,0001193125-18-121077,4cfd951edb3a4092246f94c8489adb8afe60a1774d3522873e3cc39d7b306e4f,nmf_topic_3,0.15342203,0.0,0.0,0.15342203,0.0,0.10462599,0.04406856,0.0,0.00220258
AMZN-2019,AMZN,Amazon,Consumer Discretionary,2019,0001193125-19-102995,eaca248bb5f184c92ab3b4d7a727a305c7f17e46c84561324c4e319ce5696b5d,nmf_topic_3,0.15157882,0.0,0.0,0.15157882,0.0,0.10540081,0.0462511,0.0,0.0022688
AMZN-2020,AMZN,Amazon,Consumer Discretionary,2020,0001193125-20-108422,d410db5933338b68b76c43083150b345f798041911cbd51162a79bcd3692e615,nmf_topic_2,0.17025889,0.0,0.17025889,0.01828578,0.00087568,0.0,0.02329987,0.0,0.00377797
AMZN-2021,AMZN,Amazon,Consumer Discretionary,2021,0001104659-21-050333,66d8a2ccae6d37a51a768fcfab333f270b001e752f8a6987009b6a3495def104,nmf_topic_2,0.19448544,0.0,0.19448544,0.01302808,0.0,0.0,0.01687007,0.0,0.0
AMZN-2022,AMZN,Amazon,Consumer Discretionary,2022,0001104659-22-045572,c9b6ab72564aedd6777d98205823e813b22c38fb905baf9b86351d3bc8bb7d9d,nmf_topic_2,0.15482011,0.0,0.15482011,0.0,0.04835642,0.00282147,0.01406937,0.02380123,0.0
AMZN-2023,AMZN,Amazon,Consumer Discretionary,2023,0001104659-23-044708,d261ade4093812787d67f4a40267780abf99e23b7ef3c652de6925556863faf5,nmf_topic_2,0.11309798,0.0,0.11309798,0.0,0.0887025,0.01629782,0.00353438,0.03309326,0.00128194
AMZN-2024,AMZN,Amazon,Consumer Discretionary,2024,0001104659-24-045910,1d5556f598b64a373d4403f993e0bb740e2b388fbc554211fe2b391d98b6b893,nmf_topic_4,0.09232733,0.00912238,0.08574033,0.0,0.09232733,0.0193688,0.00091168,0.03839021,0.0
TSLA-2016,TSLA,Tesla,Consumer Discretionary,2016,0001193125-16-543341,8b36ac26a5b7df57ca08eae65648486c685e319bd8bf9b60f53b1e31937a4323,nmf_topic_3,0.14431143,0.08391437,0.0,0.14431143,0.0,0.0,0.0,0.0,0.03101836
TSLA-2017,TSLA,Tesla,Consumer Discretionary,2017,0001193125-17-130746,e2144d6479d79137e307fc555c001ea7b2939953cc459abf0957c2cfc971f806,nmf_topic_3,0.14809863,0.08677378,0.0,0.14809863,0.0,0.0,0.0,0.0,0.03854796
TSLA-2018,TSLA,Tesla,Consumer Discretionary,2018,0001193125-18-035345,9e2a47071e3212031e599d87d99363c48c4fc8a41d119c73dc33f926694de122,nmf_topic_2,0.12464841,0.02779318,0.12464841,0.04628365,0.0,0.02193285,0.00587818,0.0,0.00056136
TSLA-2019,TSLA,Tesla,Consumer Discretionary,2019,0001564590-19-014268,90d58fcb15537862481c0d48fcab72bc25dd8493cb68279ec9c66eef2e7c1da4,nmf_topic_1,0.11984051,0.11984051,0.0,0.09546674,0.00853825,0.0,0.0,0.0,0.0
TSLA-2020,TSLA,Tesla,Consumer Discretionary,2020,0001564590-20-027321,ddd0f8a5fa1f753c72ad06f06093f80e48ca19f93baace1f15b1e2f8be57a687,nmf_topic_3,0.12800313,0.08648164,0.0,0.12800313,0.01517331,0.0,0.0,0.0,0.02306996
TSLA-2021,TSLA,Tesla,Consumer Discretionary,2021,0001564590-21-045926,36ec43933de74cf297767105962f656e12eb805309f76a0dcc3e6f2ff1857077,nmf_topic_3,0.11732348,0.06091562,0.01329625,0.11732348,0.02167547,0.0,0.0,0.0,0.00565072
TSLA-2022,TSLA,Tesla,Consumer Discretionary,2022,0001564590-22-024064,48790217c155ffd46ba9d51c6d0754bd9431924f4988cbee4ec3144461030184,nmf_topic_3,0.10881133,0.03086698,0.0,0.10881133,0.05176848,0.0,0.0,0.0,0.0
TSLA-2023,TSLA,Tesla,Consumer Discretionary,2023,0001193125-23-094075,6bed66b73217da19a7eb7049e0fd8a681029c2854ecb80ac3eced34ebb936383,nmf_topic_3,0.09571232,0.05045958,0.0,0.09571232,0.07949375,0.0,0.0,0.00048581,0.03524242
TSLA-2024,TSLA,Tesla,Consumer Discretionary,2024,0001104659-24-053333,8302e5171d71cca69cd79a454214d62c65758c1afb9202d22e07f2dbc5a6f752,nmf_topic_2,0.11045229,0.0,0.11045229,0.01524447,0.04065076,0.0,0.0,0.02878154,0.0
HD-2016,HD,Home Depot,Consumer Discretionary,2016,0001193125-16-529376,497749d37c424b80e6bc27720326a436f09d46a2db161602adce4455e76ab20b,nmf_topic_1,0.13426735,0.13426735,0.0179626,0.02365295,0.04420229,0.00967631,0.05198261,0.00357579,0.0
HD-2017,HD,Home Depot,Consumer Discretionary,2017,0001193125-17-108511,7b8657a04d4e6f8b32300b8b250f6c8816f36d35383cb4a78f5ee5c24bfedba0,nmf_topic_2,0.1165122,0.05584876,0.1165122,0.03527469,0.01055382,0.02548398,0.02751394,0.02281268,0.0
HD-2018,HD,Home Depot,Consumer Discretionary,2018,0001193125-18-104990,a0de6498f243b11625066451de050bdd4a6924c1ba48b868cd3d3c5819c49d42,nmf_topic_2,0.12852749,0.05380993,0.12852749,0.03250257,0.01719446,0.02300625,0.01868903,0.01731169,0.0
HD-2019,HD,Home Depot,Consumer Discretionary,2019,0000354950-19-000014,1e904e425547d3b9396f9693e063689799e6d0c014cf318bb3066f1c4e3410d8,nmf_topic_2,0.21721577,0.02705009,0.21721577,0.0,0.0,0.01449679,0.0,0.0,0.0
HD-2020,HD,Home Depot,Consumer Discretionary,2020,0000354950-20-000024,cc4b7abc7d82ce848c07c09e07d7414be8c9b542e50016fda6e75436e7ce0ba7,nmf_topic_2,0.23178749,0.01553379,0.23178749,0.0,0.0,0.01318573,0.0,0.0,0.0
HD-2021,HD,Home Depot,Consumer Discretionary,2021,0000354950-21-000116,54cbbf9d6e6e0ac7b05c3496449bcd14c4e7dba248619ad3ffd423bcdbd8e7af,nmf_topic_2,0.22802446,0.01058946,0.22802446,0.0,0.0,0.00291165,0.0,0.0,0.0
HD-2022,HD,Home Depot,Consumer Discretionary,2022,0000354950-22-000116,64de19b459a089bc1999fbeff63a1c951fef22f73549baed5a20ef2159c5570c,nmf_topic_2,0.21526975,0.0,0.21526975,0.0,0.03690595,0.0,0.0,0.01042404,0.0
HD-2023,HD,Home Depot,Consumer Discretionary,2023,0000354950-23-000101,3805945d8628bd43de9510ace7ac21aa6e1656e826f4302f4860491e4f634d52,nmf_topic_2,0.14248993,0.0,0.14248993,0.0,0.10051198,0.01496394,0.0,0.04262816,0.0
HD-2024,HD,Home Depot,Consumer Discretionary,2024,0000354950-24-000108,c83e5db1183e964d19546b1d3c12c7e603d71eae098fe194c4a1deecf98c7e29,nmf_topic_2,0.14473942,0.0,0.14473942,0.0,0.08583236,0.00953292,0.0,0.04092891,0.0
MCD-2016,MCD,McDonald's,Consumer Discretionary,2016,0000063908-16-000113,ddd079607c66440f6dd8281c49c4fa957e33e8e5d57936f6b41eafe702e45116,nmf_topic_2,0.18922601,0.01219746,0.18922601,0.01017818,0.0,0.01833897,0.0477156,0.0,0.0
MCD-2017,MCD,McDonald's,Consumer Discretionary,2017,0001206774-17-001192,ed0bfcd8b1ef129a33217fc4696c1780071c268ed86f1dd32b64f7a9ac23f57a,nmf_topic_2,0.18645856,0.02820322,0.18645856,0.0,0.0,0.02477121,0.04449752,0.00893657,0.0
MCD-2018,MCD,McDonald's,Consumer Discretionary,2018,0001206774-18-001176,316e9b20993897593cb5dfd8c361667665a1e5e73d5d577264335f728fb9eb7c,nmf_topic_2,0.25595096,0.0,0.25595096,0.0,0.0,0.0,0.0,0.0,0.0
MCD-2019,MCD,McDonald's,Consumer Discretionary,2019,0001206774-19-001299,7be161f6f9bc705a347cccb0c4e626e2ca4aad651f3e4ea7147a2bf338fef206,nmf_topic_2,0.24267296,0.0,0.24267296,0.0,0.0,0.00120587,0.01342371,0.0,0.0
MCD-2020,MCD,McDonald's,Consumer Discretionary,2020,0001206774-20-001117,44f7b4039267b2341b9b422fb1efdc3e29f2f9310cc2975bfd7a7e21849922d0,nmf_topic_2,0.22047021,0.0,0.22047021,0.00419853,0.0,0.00161205,0.00716266,0.0,0.00678473
MCD-2021,MCD,McDonald's,Consumer Discretionary,2021,0001206774-21-001039,b93e517e5b2ecdf67400468740e421644fe4c0b53a060b1d3ee85911446bf000,nmf_topic_2,0.23684423,0.0,0.23684423,0.00225987,0.0,0.00519588,0.0,0.0,0.01296502
MCD-2023,MCD,McDonald's,Consumer Discretionary,2023,0001558370-23-005957,ef338161660ebb58a470ec562d4f2bf540fd36291b02d63c6899b6facdbf9830,nmf_topic_2,0.22643534,0.0,0.22643534,0.0,0.00785358,0.0,0.0,0.0062474,0.0
MCD-2024,MCD,McDonald's,Consumer Discretionary,2024,0001558370-24-004818,66b7d9004de86a5d02fba8edf17257d40ec3ed2663738aeb2f6d2aee68698b82,nmf_topic_2,0.18828308,0.0,0.18828308,0.0,0.01427873,0.00107405,0.0,0.03009164,0.0
NKE-2016,NKE,Nike,Consumer Discretionary,2016,0000320187-16-000339,6e193d0434e8361c03a658685b834848f46501260c6d9f05f9c10b44ad38ca29,nmf_topic_5,0.16512971,0.0,0.0,0.11748041,0.03483391,0.16512971,0.0,0.0,0.00971088
NKE-2017,NKE,Nike,Consumer Discretionary,2017,0000320187-17-000127,fb6389537a7348a2e3c3eb09c025bd8131a9a1786f6949564096ad4403b42af9,nmf_topic_5,0.15667114,0.0,0.0,0.11317227,0.04510002,0.15667114,0.00218565,0.0,0.01058183
NKE-2018,NKE,Nike,Consumer Discretionary,2018,0000320187-18-000144,b20ff134579914a5681217598a429cde10bb19e5cd6517ecfb77586a249bae66,nmf_topic_5,0.17431224,0.0,0.0,0.11202166,0.03440749,0.17431224,0.00159483,0.0,0.01020469
NKE-2019,NKE,Nike,Consumer Discretionary,2019,0000320187-19-000053,ba8052bb6a5ff8a432e26cb88bcf66b21584aebada1d2eec44e168db380813d5,nmf_topic_3,0.10168778,0.02575185,0.04670684,0.10168778,0.04558878,0.07587761,0.0023756,0.0,0.02387027
NKE-2020,NKE,Nike,Consumer Discretionary,2020,0000320187-20-000049,ee2cf58f7b0335e24b83eeea75f563acaa1563ccb0e2fce3a69690c63694f272,nmf_topic_4,0.11932427,0.01950741,0.053722,0.07001596,0.11932427,0.03970014,0.0,0.0,0.0
NKE-2021,NKE,Nike,Consumer Discretionary,2021,0000320187-21-000035,bcf056a0a5d29956ba99c46c614c8bf9278b18362c0e6f2746757c66dbddca90,nmf_topic_4,0.13177154,0.0,0.02616266,0.08688253,0.13177154,0.04041804,0.00682715,0.00305297,0.0
NKE-2022,NKE,Nike,Consumer Discretionary,2022,0000320187-22-000041,b733bb24dc256bf36429c8fa1241aafe2dca35ba30d522d7e0e782bc042511cb,nmf_topic_4,0.135138,0.02634428,0.01970232,0.07694525,0.135138,0.03616675,0.00894355,0.00180499,0.0
NKE-2023,NKE,Nike,Consumer Discretionary,2023,0000320187-23-000040,feeadb0983ce8987ced3c4eee68859e22b35e6cd4e0961196d6b3596835c449f,nmf_topic_4,0.14171572,0.00532269,0.01384239,0.05052927,0.14171572,0.10347081,0.0,0.00155631,0.0
NKE-2024,NKE,Nike,Consumer Discretionary,2024,0000320187-24-000045,3b5cfefa13538e12a4a0a82e4f7951cbaeb66e071502e981d8cd43b362c8d9f7,nmf_topic_4,0.15182771,0.0,0.03371195,0.05069811,0.15182771,0.05904484,0.0,0.0,0.0
SBUX-2016,SBUX,Starbucks,Consumer Discretionary,2016,0001567619-16-001713,013432a6f81fd950d6bca0bd632221b26ba3d27e6cd6106e1ba9286d4848b8c1,nmf_topic_3,0.1524624,0.00916405,0.01240868,0.1524624,0.00795506,0.03165262,0.0265825,0.02788479,0.03751966
SBUX-2017,SBUX,Starbucks,Consumer Discretionary,2017,0001672764-17-000003,59b29687d338ecdcdb9e729c1f7ac68706bb9eb612e279de3fc1f66920adb103,nmf_topic_3,0.1587801,0.0,0.02000885,0.1587801,0.0,0.03070373,0.02424444,0.03463785,0.02489107
SBUX-2018,SBUX,Starbucks,Consumer Discretionary,2018,0001193125-18-021792,28b9e0f42ecede08601a1c5c9b2074ae320eabac8a1bb375d5c15e724f1e5e75,nmf_topic_3,0.14814075,0.0,0.0301131,0.14814075,0.0,0.0340525,0.01204201,0.04274909,0.02413121
SBUX-2019,SBUX,Starbucks,Consumer Discretionary,2019,0001193125-19-017145,8ba626f27d38571d2de366f01645eee8d2fbea8406de582ad0ff9f4d7078c313,nmf_topic_2,0.1627163,0.01124369,0.1627163,0.07009311,0.0,0.02058924,0.01206495,0.00204305,0.0
SBUX-2020,SBUX,Starbucks,Consumer Discretionary,2020,0001206774-20-000230,133b9a5116c6aace006fe7344cb6d8ded7a9482c649a234954d9ca6ce42d1a13,nmf_topic_1,0.08538218,0.08538218,0.0,0.06057649,0.0481367,0.00273924,0.03833321,0.05791097,0.02591663
SBUX-2021,SBUX,Starbucks,Consumer Discretionary,2021,0000829224-21-000017,b6d7d820639bdad79e86765561790570d4222ad360351f7e13b2c6f337ede9b7,nmf_topic_7,0.11661564,0.07261792,0.0,0.05617464,0.0643657,0.0,0.02161086,0.11661564,0.01625316
SBUX-2022,SBUX,Starbucks,Consumer Discretionary,2022,0001206774-22-000270,217a8c8942d648dcd7da56fc3007b17b2d002a4dd26e0ebb90cc7fefae39297e,nmf_topic_4,0.13072179,0.03535319,0.0,0.07972448,0.13072179,0.00965003,0.0118425,0.03005037,0.00189921
SBUX-2023,SBUX,Starbucks,Consumer Discretionary,2023,0000829224-23-000007,915b086d98e279e61add9c832fbd100aee4fe6f0cfdc7e36fe3c84bb54ef3eb5,nmf_topic_4,0.17791813,0.01358153,0.0,0.06493115,0.17791813,0.00831834,0.00605188,0.03643356,0.0
TGT-2016,TGT,Target,Consumer Discretionary,2016,0001308179-16-000375,c55a66033ac0f08288069f92856ca8cd0dc1fdf654ea410dc425d1a8c57baf88,nmf_topic_1,0.11286972,0.11286972,0.06479708,0.03132892,0.01314047,0.00860637,0.04224633,0.01091211,0.00451346
TGT-2017,TGT,Target,Consumer Discretionary,2017,0001308179-17-000174,13c6bcf62b1a4e4977561e12a6c5128dd815fd4dbf9f3300b79053b7a82dba12,nmf_topic_1,0.11531642,0.11531642,0.0,0.02886874,0.03629939,0.00808033,0.05775907,0.0,0.04689914
TGT-2018,TGT,Target,Consumer Discretionary,2018,0001308179-18-000237,6ac0a1f70ef723113f9ae95ffd18c7caa17fdae37e7a2d4e61ee9b12058457bd,nmf_topic_1,0.1036745,0.1036745,0.0,0.03364763,0.04530306,0.01049972,0.06231169,0.0,0.0475251
TGT-2019,TGT,Target,Consumer Discretionary,2019,0001308179-19-000197,9ef7c83aeb4b5542d690f776dfa949719012a32c7c5a7eb6d44b170e70d1addd,nmf_topic_1,0.10425538,0.10425538,0.0,0.02971246,0.04951582,0.0065984,0.06158808,0.0,0.0504653
TGT-2020,TGT,Target,Consumer Discretionary,2020,0001308179-20-000217,ddb7c0677bca117c0370275155d30586fb5b4da9ed519722a11d7067abf89a24,nmf_topic_1,0.08393226,0.08393226,0.00094571,0.01710105,0.07199601,0.0,0.06767203,0.0,0.05152531
TGT-2021,TGT,Target,Consumer Discretionary,2021,0001308179-21-000258,306f534695a2bbc6ec4a0c24482074ee5c3fbcefe713ac477bc257fd9ae39fbb,nmf_topic_2,0.17358534,0.0,0.17358534,0.01567441,0.03036394,0.00421632,0.03376532,0.0,0.01093921
TGT-2022,TGT,Target,Consumer Discretionary,2022,0001308179-22-000265,6a8d6eed206baffc4a18c7bc2c79600db6a75cdaf8c654cea06d455e34770614,nmf_topic_2,0.15380204,0.0,0.15380204,0.0,0.07698595,0.00354119,0.0,0.03207257,0.0
TGT-2023,TGT,Target,Consumer Discretionary,2023,0001308179-23-000828,6435efa570a017f5cfe6c74788e2359da6e8d2f1c7906b1f706efce09c475302,nmf_topic_2,0.12867145,0.0,0.12867145,0.0,0.07820525,0.00920456,0.00916384,0.04349996,0.0
TGT-2024,TGT,Target,Consumer Discretionary,2024,0001308179-24-000626,6ad5af5eeef012b093e1288750fd3c0858204d8917cc89f42f625c38c4427983,nmf_topic_2,0.10332016,0.0,0.10332016,0.01924039,0.09689462,0.01434085,0.00682709,0.03151701,0.00060595
LOW-2016,LOW,Lowe's,Consumer Discretionary,2016,0001193125-16-536350,4e444bcb15b9956b513c3e3b4a04d0c1fc8e287473181e01f9d29658cdc97dd7,nmf_topic_1,0.07546079,0.07546079,0.05043795,0.05847159,0.04137453,0.01288473,0.03426747,0.0,0.03610559
LOW-2017,LOW,Lowe's,Consumer Discretionary,2017,0001193125-17-131092,fd4c8d79413520ab9e2f1f02ea56f200133c59680d85613f688c5ab65b0f3850,nmf_topic_2,0.10611391,0.0242484,0.10611391,0.07782337,0.01921173,0.02202431,0.04364595,0.0,0.01514417
LOW-2018,LOW,Lowe's,Consumer Discretionary,2018,0001193125-18-123722,1424fee7dd98c680673a27b58d6567350983af8de7e2bc044f44017eae357157,nmf_topic_2,0.1174846,0.02060796,0.1174846,0.07301929,0.01964742,0.02300558,0.03688997,0.0,0.01663705
LOW-2019,LOW,Lowe's,Consumer Discretionary,2019,0001193125-19-110021,4a769062f6e0dc5c922d31928ffde0a18c6c7e294fa8fc83761347d827b4f675,nmf_topic_2,0.12888814,0.01924284,0.12888814,0.06892824,0.0140978,0.02272841,0.0309058,0.0,0.03235738
LOW-2020,LOW,Lowe's,Consumer Discretionary,2020,0001193125-20-108770,08e4857cc63c99e3804c6f270c6e4dd9e8fbe36ea81fc67ccb0ce82cc4b0807f,nmf_topic_2,0.10623936,0.02645452,0.10623936,0.07100721,0.02860263,0.02573225,0.02771754,0.0,0.02560023
LOW-2021,LOW,Lowe's,Consumer Discretionary,2021,0001193125-21-117203,c646cc0f2473b05a3a8d43b867d149d5ded86776caa4f1d7f18302c960b2a5f3,nmf_topic_2,0.17424954,0.0,0.17424954,0.03467539,0.06966988,0.00814379,0.0,0.0,0.0
LOW-2022,LOW,Lowe's,Consumer Discretionary,2022,0001193125-22-105006,3e20cc40dab96eb5f5fa95cfdb320bb5e3433226663a69a821e93833e8b4c943,nmf_topic_4,0.14641637,0.00211273,0.09253216,0.02279455,0.14641637,0.01375003,0.0,0.00771059,0.009847
LOW-2023,LOW,Lowe's,Consumer Discretionary,2023,0001193125-23-099980,dd989960ae946a111c9dc96a8201044d05c596eaf3c6bd6a04d518ff3a0ae497,nmf_topic_4,0.15344055,0.0,0.09567783,0.02129169,0.15344055,0.01470333,0.0,0.0,0.00698775
LOW-2024,LOW,Lowe's,Consumer Discretionary,2024,0001193125-24-100050,1cdec03a5139506fd0a5fb66ba954c03973e580b066e9ac4cbd388704e41866d,nmf_topic_4,0.15925549,0.01128936,0.07849757,0.01397991,0.15925549,0.00840486,0.0,0.00828045,0.01474005
TJX-2016,TJX,TJX Companies,Consumer Discretionary,2016,0001193125-16-568937,0fb4a549e3e8ec59d75eeffb46f8abb70e18c910bd01a165999535a0d8a41bcd,nmf_topic_1,0.12853012,0.12853012,0.0,0.0653678,0.0,0.00287637,0.00828286,0.0,0.03686349
TJX-2017,TJX,TJX Companies,Consumer Discretionary,2017,0001193125-17-142785,db31611ecac42db2d6b5ad9ec406c6c0b56882cf0ba2b8440d8d484fcd8f534c,nmf_topic_1,0.12167453,0.12167453,0.05828158,0.0043187,0.0,0.00296807,0.03250895,0.01543022,0.02498448
TJX-2018,TJX,TJX Companies,Consumer Discretionary,2018,0001193125-18-133349,a5d8a1b3372ab4702b7a9e3d175ec17dbd5ebfa29d3dfdfdc3e6499abdf3840d,nmf_topic_1,0.10808168,0.10808168,0.0684345,0.00626379,0.00029454,0.00249904,0.03864506,0.0089137,0.04113379
TJX-2019,TJX,TJX Companies,Consumer Discretionary,2019,0001193125-19-119221,108880362bfcee84419846d8698806cef25cb4b951616ae634b54babf1c6a912,nmf_topic_1,0.10500736,0.10500736,0.06362408,0.00456678,0.0,0.00065086,0.042982,0.01942601,0.03518712
TJX-2020,TJX,TJX Companies,Consumer Discretionary,2020,0001193125-20-116317,66f18518d51dbc3e1cc124860b0b627237d339bea0341265679d38da7e09bf93,nmf_topic_1,0.07559456,0.07559456,0.04248314,0.01900777,0.04169076,0.00706552,0.04754202,0.01737144,0.03762754
TJX-2021,TJX,TJX Companies,Consumer Discretionary,2021,0000109198-21-000016,fac92aaa1589e9f07f9b935fbeae9761b65006846b0e1f08ec50332197146166,nmf_topic_4,0.08186385,0.06615252,0.02780977,0.01095173,0.08186385,0.00035265,0.04337286,0.03966191,0.06100852
TJX-2022,TJX,TJX Companies,Consumer Discretionary,2022,0000109198-22-000024,a8969352583e5e64ac1a4a0a9d2b15a9a8e07e654b949b0889212bef22b6db7e,nmf_topic_7,0.19960875,0.03039747,0.0,0.0,0.08626092,0.00143188,0.00510476,0.19960875,0.03047317
TJX-2023,TJX,TJX Companies,Consumer Discretionary,2023,0000109198-23-000014,85199c90acdd50849a6edf6f6cafb266e992397d4e5b35323527f40352e7ae86,nmf_topic_7,0.24418352,0.0,0.0,0.00513772,0.06777624,0.00859378,0.0,0.24418352,0.0168244
TJX-2024,TJX,TJX Companies,Consumer Discretionary,2024,0000109198-24-000023,0c0dc0440cb12bf0fd158fda6ed4fdb2fb1eb918631f07cb0bedadbf2d37268f,nmf_topic_7,0.2333141,0.0,0.00287598,0.02417389,0.05875247,0.00290543,0.0,0.2333141,0.02051059
F-2016,F,Ford Motor,Consumer Discretionary,2016,0001047469-16-011835,fec7406ea2090c6d3f920bc43d90140dc1bf8048c5bc828b9b05cb82103659c7,nmf_topic_4,0.13323688,0.04324032,0.08340176,0.0,0.13323688,0.00613684,0.0,0.0,0.0
F-2017,F,Ford Motor,Consumer Discretionary,2017,0001047469-17-002228,5ccd56cf5eaf469eff23c903dab5542e4baf98f33c5c5a9f456bdba44c3cbc57,nmf_topic_4,0.18520969,0.00988146,0.06087001,0.00527065,0.18520969,0.0,0.0,0.0,0.0
F-2018,F,Ford Motor,Consumer Discretionary,2018,0001047469-18-002333,3320b5320d4278a67e56cf624c8b17c1a211cbdc73b810b439cc56ebc5a623c7,nmf_topic_4,0.19023135,0.0343197,0.0538454,0.0,0.19023135,0.0,0.0,0.0,0.0
F-2019,F,Ford Motor,Consumer Discretionary,2019,0001047469-19-001743,a0d03e779080d25f9b75c2e2843fab02ab89e8c0c9fd12b20b7e5651f71bf87c,nmf_topic_4,0.20716125,0.04669311,0.02058153,0.0,0.20716125,0.0,0.0,0.0,0.0
F-2020,F,Ford Motor,Consumer Discretionary,2020,0001047469-20-002039,d78b7240eaa5cff3dfa7cdf29cf1cbd0fe13780e0336af8a9c7ff8439256449c,nmf_topic_4,0.21523716,0.04235164,0.00549506,0.0,0.21523716,0.0,0.00052839,0.0,0.0
F-2021,F,Ford Motor,Consumer Discretionary,2021,0001047469-21-000813,97c05c6e12d1735242680c6aa247aa5354101dcfae5737d964ea37f2e6f514ca,nmf_topic_4,0.22840316,0.03154077,0.00795723,0.0,0.22840316,0.0,0.0,0.0,0.0
F-2022,F,Ford Motor,Consumer Discretionary,2022,0001104659-22-041499,d83eeab65b61ad918c9718d62768a51af03c69a39df147dbc7c56366bb89c260,nmf_topic_4,0.2611526,0.00413218,0.0,0.0,0.2611526,0.0,0.0,0.0,0.0
F-2023,F,Ford Motor,Consumer Discretionary,2023,0001558370-23-005203,08cb3f8e8e80408ccf1572663792445f5e85b56f09964028ee26ac4f49ecdd71,nmf_topic_4,0.26786279,0.00236501,0.0,0.0,0.26786279,0.0,0.0,0.0037865,0.0
F-2024,F,Ford Motor,Consumer Discretionary,2024,0001104659-24-040871,ac675cd5c3bfbe0efcfb9b96d5a5a3e0c8dc0506cae93df29a5339e38f32ddca,nmf_topic_4,0.26382034,0.0,0.00024352,0.0,0.26382034,0.0,0.0,0.00339389,0.0
XOM-2016,XOM,ExxonMobil,Energy,2016,0001193125-16-539460,ba1289febe782b983b00356edc04bf5e8d61735c78da710c7929dd4cd82897d4,nmf_topic_8,0.09291899,0.0348117,0.01828574,0.08317989,0.00769061,0.02567552,0.05353244,0.01059512,0.09291899
XOM-2017,XOM,ExxonMobil,Energy,2017,0001193125-17-122538,7ea05f443f6862e4e6e22e29762ad1bd970ba0c2c07c569525ff10fcd81cb102,nmf_topic_8,0.089838,0.03941461,0.01929263,0.08262262,0.00899033,0.02893773,0.0415209,0.0151993,0.089838
XOM-2018,XOM,ExxonMobil,Energy,2018,0001193125-18-115091,9057d76f008e97fd12737dc1c73a84b1ef729b24425e8095dd3d32f0c1690f5a,nmf_topic_8,0.09373219,0.03414178,0.02040506,0.08046119,0.00817045,0.0313731,0.04483207,0.01425921,0.09373219
XOM-2019,XOM,ExxonMobil,Energy,2019,0001193125-19-103474,cbfe54080813475630872a1c0128362d67ce534a44456d8fd0bbf720186093d3,nmf_topic_1,0.08825056,0.08825056,0.05648321,0.00545161,0.00496108,0.01200197,0.04413512,0.02423332,0.03467598
XOM-2020,XOM,ExxonMobil,Energy,2020,0001193125-20-102226,ed9734d515cc9aeabcac5b865a48d7b2ba6856481b3b887a09c04411f7707d0e,nmf_topic_2,0.07936153,0.07807647,0.07936153,0.00965386,0.0117417,0.014234,0.04208751,0.01879446,0.02957111
XOM-2022,XOM,ExxonMobil,Energy,2022,0001193125-22-098314,4cf58fd1213e408d8b44709949e1f8bd515edb86d8908beaa3cfa6b987b66862,nmf_topic_2,0.14557238,0.0,0.14557238,0.0,0.09004916,0.0,0.0,0.0189314,0.0
XOM-2023,XOM,ExxonMobil,Energy,2023,0001193125-23-100079,ad1f40c36d2001137a99aed4e99782a35992d224bf92314c8d48ad9d235b5f00,nmf_topic_2,0.16412499,0.0,0.16412499,0.0,0.0879372,0.0,0.0,0.02026793,0.0
XOM-2024,XOM,ExxonMobil,Energy,2024,0001193125-24-092545,ed34e249e828f7fdb79345e9e90397ef44299d798c89e56b811b3bfc6e5db0d7,nmf_topic_2,0.18720274,0.0,0.18720274,0.0,0.06645313,0.0,0.0,0.02441542,0.0
CVX-2016,CVX,Chevron,Energy,2016,0001193125-16-533382,5d5d01916db3b75e31cb56efb55743f41a608ad350cb2865b8d58ffc9aced2d2,nmf_topic_1,0.14242677,0.14242677,0.0,0.04653584,0.0,0.00772008,0.04844164,0.0,0.02075342
CVX-2017,CVX,Chevron,Energy,2017,0001193125-17-119801,380a1b12271e138303678166c543858008ab437cb27c3be9e48ef70de9098457,nmf_topic_1,0.13821395,0.13821395,0.0,0.05023204,0.0,0.01239544,0.04208239,0.0,0.02559376
CVX-2018,CVX,Chevron,Energy,2018,0001193125-18-112804,3cf48b6d1059977aa58fadee74b7b81a0ee9778c07e0cd51dc080229cd66ae1b,nmf_topic_1,0.13738977,0.13738977,0.0,0.0561936,0.0,0.0101732,0.0509334,0.0,0.02151769
CVX-2019,CVX,Chevron,Energy,2019,0001193125-19-106207,bc38b6d49f1ef03bfe4b4d8409d796647bc85755d47b97369ddd103df7bd0d4c,nmf_topic_1,0.12697934,0.12697934,0.0,0.05931078,0.00370159,0.00986072,0.05288709,0.0,0.02287179
CVX-2020,CVX,Chevron,Energy,2020,0001193125-20-100407,4e534f8284830e0d1ed7d2a4b431ec72dc863c0e6cce00d6063bd0173b554d0c,nmf_topic_1,0.07706434,0.07706434,0.06836817,0.06323618,0.02944466,0.0,0.02536709,0.0,0.0181928
CVX-2021,CVX,Chevron,Energy,2021,0001193125-21-109793,5148aea5e58335b0ece25e369edec28c49a4d3dadb125f419257fb66034268bf,nmf_topic_3,0.11631926,0.0,0.07884544,0.11631926,0.07105368,0.00022676,0.0,0.0,0.0
CVX-2022,CVX,Chevron,Energy,2022,0001193125-22-098301,cdd1016827ab73dfa5a7206167b595e5ce9b411e81d374dfa1f93871fe0e1257,nmf_topic_4,0.10479258,0.0,0.06042693,0.08220676,0.10479258,0.0,0.0,0.0,0.0
CVX-2023,CVX,Chevron,Energy,2023,0001193125-23-099292,b4c3536c0f416ed1b2b26349d9c784ee3383c81c251fccfe61f2a1e02ec77fe8,nmf_topic_4,0.09091187,0.0,0.09021876,0.05495311,0.09091187,0.0,0.0,0.00433224,0.0
CVX-2024,CVX,Chevron,Energy,2024,0001193125-24-091327,b73db5da365454fd87ed8d1675c5745dee1e4b32d8e32ed7d588f67fea826731,nmf_topic_4,0.08986311,0.0,0.08221537,0.05351295,0.08986311,0.0,0.0,0.00665998,0.0
COP-2016,COP,ConocoPhillips,Energy,2016,0001047469-16-011624,ee8e41f0226b06caac50f53313787333b4e55458bbd7d636179d922fac2c2a01,nmf_topic_3,0.08632771,0.05796802,0.05597678,0.08632771,0.0,0.00178031,0.04827479,0.0,0.02764534
COP-2017,COP,ConocoPhillips,Energy,2017,0001047469-17-002284,b2f13c8fb86532f7705521add72a3c126c877fa1bdb85cf39e846f0c4248f54d,nmf_topic_2,0.1540595,0.02498467,0.1540595,0.05626656,0.0016114,0.0,0.0,0.0,0.00237972
COP-2018,COP,ConocoPhillips,Energy,2018,0001206774-18-001045,0195b491efa0ff134f0b01bab00ad804c24878881e4fd49a564261216e080f39,nmf_topic_2,0.19548939,0.02918467,0.19548939,0.01231549,0.0,0.0,0.0,0.0,0.0
COP-2019,COP,ConocoPhillips,Energy,2019,0001206774-19-001161,19bb44ed3f559bb948ff609000736479fdf104a69c14d8b47bb5bfc7885b9637,nmf_topic_2,0.22836594,0.01532602,0.22836594,0.0,0.0,0.0,0.0,0.0,0.0
COP-2020,COP,ConocoPhillips,Energy,2020,0001206774-20-000973,7bac6d2ad8674f2ce15bc3a15ac54c816180112264efc09890d7da6297ff82a7,nmf_topic_2,0.23527306,0.00760387,0.23527306,0.01316574,0.0,0.0,0.0,0.0,0.0
COP-2021,COP,ConocoPhillips,Energy,2021,0001206774-21-000875,d89a3d30648bbb505ce0cfdc5b8011c1fd29cb26b783caba048061f312fc2d28,nmf_topic_2,0.22816595,0.0,0.22816595,0.0185246,0.0,0.0,0.0,0.0,0.0
COP-2022,COP,ConocoPhillips,Energy,2022,0001206774-22-000879,e526f60baa6517b451d44b6778c3f5b8dc211820fc8ae3eaec8a70a814572124,nmf_topic_2,0.09042123,0.07540513,0.09042123,0.0,0.05751296,0.0,0.0,0.02368723,0.0
COP-2023,COP,ConocoPhillips,Energy,2023,0001308179-23-000477,9549325f77e080ce671822f5b9e5b34d98c5cf91331ce80cf858464ab5b8c85f,nmf_topic_7,0.17067591,0.06756804,0.03341894,0.0,0.03453388,0.0,0.0,0.17067591,0.0
COP-2024,COP,ConocoPhillips,Energy,2024,0001308179-24-000384,61a2ef10454148eba568295033ed680262c96e781b4054353c3347e18ee6f1b7,nmf_topic_7,0.1678895,0.04710303,0.0518864,0.0,0.039476,0.0,0.0,0.1678895,0.0
EOG-2016,EOG,EOG Resources,Energy,2016,0001193125-16-508576,d7f19fe88beeaeb9265ac6c01bf199798e57dc0f8e300c17827185028c45472a,nmf_topic_1,0.10957284,0.10957284,0.0,0.10052324,0.0,0.03499509,0.0,0.0,0.03336808
EOG-2017,EOG,EOG Resources,Energy,2017,0001193125-17-086309,0bec0851e5895d2385ab355e0e33f4dce003af66be7f418c966f365c2b86cfe7,nmf_topic_1,0.11507781,0.11507781,0.0,0.10164204,0.0,0.03410888,0.0016269,0.0,0.03389864
EOG-2018,EOG,EOG Resources,Energy,2018,0001193125-18-084042,d50330030927b1f82502c0712deafcf1a055b827829a5eefe52888d0d2e1a5bf,nmf_topic_1,0.11709633,0.11709633,0.0,0.0964719,0.0,0.03253241,0.0,0.0,0.03453184
EOG-2019,EOG,EOG Resources,Energy,2019,0001193125-19-080799,ee3434608568319d22a57dc77d326df2ee9c808171fda9123778ff88f0bff129,nmf_topic_1,0.11038193,0.11038193,0.0,0.09951048,0.0,0.0379912,0.0,0.0,0.0370654
EOG-2020,EOG,EOG Resources,Energy,2020,0001193125-20-080817,a9258ddcdbf1fc4c9ffd7a199f8d9739e96fbe3afb15ce0871591e8137dd948d,nmf_topic_1,0.10300782,0.10300782,0.0,0.10129714,0.0,0.04342003,0.0,0.0,0.04328246
EOG-2021,EOG,EOG Resources,Energy,2021,0001193125-21-087493,f670b1266aef27814bb435462d4bcc35e1032363231ef3ef819aca56cd36c031,nmf_topic_3,0.11653469,0.05505868,0.0,0.11653469,0.0816276,0.01698757,0.0,0.0,0.02319717
EOG-2022,EOG,EOG Resources,Energy,2022,0001193125-22-071943,78808b66316be99dfaa19ff34c29056c0839262f50c8d21235e30a697f18e0b4,nmf_topic_4,0.12603333,0.02217802,0.0,0.10698762,0.12603333,0.01170892,0.0,0.00044649,0.01672653
EOG-2023,EOG,EOG Resources,Energy,2023,0001193125-23-100629,9535cb4d46bae2423258cce755e1fa7c281fd6fcdaf26dc4d57a8ca3f4c38770,nmf_topic_4,0.13601269,0.02319603,0.0,0.09776464,0.13601269,0.01342947,0.0,0.00274438,0.01318626
EOG-2024,EOG,EOG Resources,Energy,2024,0001193125-24-080647,7d497e4dbed6b148af6fa3ad0d14c98aab4acb296647f2332c8d072a12a64490,nmf_topic_4,0.1268039,0.02599859,0.0,0.09811669,0.1268039,0.01138269,0.0,0.0064347,0.01335148
SLB-2016,SLB,SLB (Schlumberger),Energy,2016,0001193125-16-468583,c16c76390dee9f2f707754c766a16c73c250bb5b125ff64563b6c86b808bdbfd,nmf_topic_8,0.18566644,0.1107758,0.0,0.01498566,0.0,0.00869003,0.01145988,0.0,0.18566644
SLB-2017,SLB,SLB (Schlumberger),Energy,2017,0001308179-17-000018,fa4efe09a4be8d5c6e12b0142a547b06f95e36d8f69565d6a74326aa19c24633,nmf_topic_8,0.17559895,0.12584995,0.0,0.01957709,0.0,0.00455453,0.0,0.0,0.17559895
SLB-2018,SLB,SLB (Schlumberger),Energy,2018,0001308179-18-000016,7b05c2cf4df391e1367d94df7d847518b9b78536cbae2d02615e4d03a723a68b,nmf_topic_8,0.18096224,0.12559927,0.0,0.00924872,0.0,0.02868551,0.0,0.0,0.18096224
SLB-2019,SLB,SLB (Schlumberger),Energy,2019,0001308179-19-000005,1e02c9d6a842b2b07b645c8155813202ae843b633a7560dc5ec783fee654d343,nmf_topic_8,0.20131324,0.11671977,0.0,0.02878994,0.0,0.0,0.0,0.00196117,0.20131324
SLB-2020,SLB,SLB (Schlumberger),Energy,2020,0001308179-20-000009,47f51bc9ec3f7591a6347e4bb09f8acf97a95300d83e5597c4f92c20b50a7f0b,nmf_topic_8,0.20037406,0.12204732,0.0,0.02484876,0.0,0.0,0.00664225,0.0,0.20037406
SLB-2021,SLB,SLB (Schlumberger),Energy,2021,0001308179-21-000014,03cfacce9a4f0b846780504795071a92159f3546d70e485bbb8e9ece5a009d96,nmf_topic_8,0.17814547,0.13193098,0.0,0.00365155,0.0,0.0,0.01475656,0.0,0.17814547
SLB-2022,SLB,SLB (Schlumberger),Energy,2022,0001308179-22-000016,0e8b43686278ed1cb8e66b187b49f8ef126f0e98c20efabbf792aeab917572bd,nmf_topic_8,0.16881929,0.11296219,0.0,0.0,0.0,0.00515292,0.03708036,0.03551375,0.16881929
SLB-2023,SLB,SLB (Schlumberger),Energy,2023,0001308179-23-000057,69877a14ae96bbdff0689fa9ae41118f2a13769ca01b972573c6df363ef3ccc8,nmf_topic_8,0.17346048,0.06532249,0.0,0.0,0.04080102,0.02095905,0.01470063,0.06096523,0.17346048
SLB-2024,SLB,SLB (Schlumberger),Energy,2024,0001308179-24-000033,0126eddbd052bd1d594b30e16f7dba466c0ae159a95b88f0cefb6045c78b215f,nmf_topic_7,0.2099031,0.0,0.09160387,0.0,0.0,0.0,0.0,0.2099031,0.02370619
MPC-2016,MPC,Marathon Petroleum,Energy,2016,0001193125-16-505314,3439d034519f96acc4ad383376f72c088ce9c472cc10947384ea5426935d3b17,nmf_topic_1,0.08460426,0.08460426,0.01292449,0.05389706,0.02570005,0.02220439,0.02342929,0.0,0.0319045
MPC-2017,MPC,Marathon Petroleum,Energy,2017,0001193125-17-083730,4cb19e99e426ace854185cabce0e0d584104e88dfbf07ff01354ea14b1b78847,nmf_topic_1,0.08870935,0.08870935,0.06803323,0.02837668,0.02534543,0.01198375,0.01440292,0.00188096,0.01861223
MPC-2018,MPC,Marathon Petroleum,Energy,2018,0001193125-18-084039,5c59318e542f977cd17de45fc0f3bdcad6459d7b6f865fcf2c69012b717c376e,nmf_topic_2,0.08694434,0.08235479,0.08694434,0.01139917,0.02649185,0.00562089,0.04275627,0.0,0.00120539
MPC-2019,MPC,Marathon Petroleum,Energy,2019,0001510295-19-000021,dff0c6cd47c0efd7e7861cf06af663e658594e2b97b72742ea3259e1f2b80ef2,nmf_topic_2,0.09998376,0.09312459,0.09998376,0.01422978,0.01187287,0.01579618,0.00164035,0.0,0.0333448
MPC-2020,MPC,Marathon Petroleum,Energy,2020,0001510295-20-000017,c7a4e43f905011ab50baffa31638241eef2976f78efd649f55d23a4e4a56fdb1,nmf_topic_1,0.0960136,0.0960136,0.03659504,0.03123325,0.04522879,0.01380538,0.0209099,0.0,0.04194008
MPC-2021,MPC,Marathon Petroleum,Energy,2021,0001510295-21-000046,beeeaa4eba4b98af982844df6db17f50902be1dd58e14f4870de3bc102bb05a9,nmf_topic_3,0.07034368,0.04545331,0.0158146,0.07034368,0.05753044,0.01486392,0.03069291,0.0051663,0.03097112
MPC-2022,MPC,Marathon Petroleum,Energy,2022,0001510295-22-000023,f57be80e5249684a600d192581130fb25cb625d2905fe775f2826a6576e87913,nmf_topic_4,0.10508997,0.07446938,0.00535374,0.03607539,0.10508997,0.0,0.03365926,0.0,0.03711269
MPC-2023,MPC,Marathon Petroleum,Energy,2023,0001510295-23-000028,423f42ba22efcf78af0637e807385e4ae6c07ce1bea082b9fca445789f604a73,nmf_topic_4,0.13784097,0.03707706,0.0,0.03579803,0.13784097,0.0,0.01163099,0.01622904,0.03129589
MPC-2024,MPC,Marathon Petroleum,Energy,2024,0001510295-24-000033,535c3c8cb88fb955621d28c66fd9a6f9868fddf79081741bc080cb4e79ed3141,nmf_topic_4,0.13330194,0.04884652,0.00145736,0.01053942,0.13330194,0.0,0.01023619,0.02736319,0.03970239
PSX-2016,PSX,Phillips 66,Energy,2016,0001047469-16-011582,2ecc73fe09e49b402d352661b11e368adfdc2783b3c4867ce9a01b3af7f041b7,nmf_topic_2,0.10197117,0.08574135,0.10197117,0.01682901,0.01456341,0.0,0.05269132,0.0,0.0
PSX-2017,PSX,Phillips 66,Energy,2017,0001047469-17-001870,ef79b2b75b66ffe1bae27ec2427682737b3c15c676f544109db9ecc134f13ff5,nmf_topic_2,0.12945907,0.0581898,0.12945907,0.02702184,0.01428812,0.0,0.04666234,0.0,0.00089541
PSX-2018,PSX,Phillips 66,Energy,2018,0001571049-18-000199,0cefda559aa95648f0d5531e3d58b9872e09d4c8f1e630808fdeddda45d2e1af,nmf_topic_2,0.12839881,0.01775013,0.12839881,0.05319424,0.00598464,0.01111926,0.06734298,0.0,0.00439304
PSX-2019,PSX,Phillips 66,Energy,2019,0001193125-19-092869,204a37eb9f5a6ac32e4a527d93556bae86bda0479a724a3a33d2475825bc0b9c,nmf_topic_2,0.15689335,0.02515927,0.15689335,0.03191478,0.0,0.02277964,0.02820194,0.0,0.0
PSX-2020,PSX,Phillips 66,Energy,2020,0001193125-20-085402,7bedf0b044b8da9d85c71092d956ca293a5d6b1ef3718a40844647fb09cd6b35,nmf_topic_2,0.1730161,0.0,0.1730161,0.03053879,0.0255485,0.02162555,0.03171966,0.0,0.0
PSX-2021,PSX,Phillips 66,Energy,2021,0001140361-21-010999,69a984d2165f0ef9203829157535d6554a01208d6857674ff91b7933757236a1,nmf_topic_2,0.17343051,0.0,0.17343051,0.01896993,0.02784469,0.0113441,0.03048655,0.0,0.0
PSX-2022,PSX,Phillips 66,Energy,2022,0001206774-22-000928,cfa39f8d8d93bee393c77f829a18518ee054b8fc7296a337d1c2893f15e2c4f6,nmf_topic_4,0.15134771,0.02472369,0.05217688,0.0,0.15134771,0.0,0.04059276,0.01319232,0.00778613
PSX-2023,PSX,Phillips 66,Energy,2023,0001534701-23-000064,836cfc1cee5168434fb0b1e5786d3ba3dca4d9b609a0d3023b64666f537930be,nmf_topic_7,0.19625353,0.00471619,0.00318062,0.00272786,0.09689284,0.01156048,0.01627858,0.19625353,0.02590369
PSX-2024,PSX,Phillips 66,Energy,2024,0001534701-24-000095,2ecd73ceac0a21dbb5ddd391f70fe1034c50240f94fbc89e95b14d8785034f6d,nmf_topic_2,0.13463328,0.0,0.13463328,0.01196782,0.1006452,0.0,0.0,0.02722652,0.01742296
VLO-2016,VLO,Valero Energy,Energy,2016,0001035002-16-000079,90aab62f041b24cd0b6cbaa8bc8c50370e9b429744d868fef435944e0d3b4b07,nmf_topic_1,0.16546441,0.16546441,0.0,0.0,0.0,0.09817224,0.0,0.0,0.01270309
VLO-2017,VLO,Valero Energy,Energy,2017,0001035002-17-000015,bc4549a413887d32d33fe507368cb5687437dd091163648389d1a5d46a7e43d6,nmf_topic_1,0.1584497,0.1584497,0.0,0.0,0.0,0.0999021,0.0,0.0,0.03297908
VLO-2018,VLO,Valero Energy,Energy,2018,0001193125-18-090034,39374acfd734ec46002f55a92b80fd9fc607abcaa6806f5ebdb3a4bb44ded50b,nmf_topic_1,0.16481016,0.16481016,0.0,0.0,0.0,0.09338011,0.0,0.0,0.01432807
VLO-2019,VLO,Valero Energy,Energy,2019,0001193125-19-080420,b259a622ae84901a1b55ea36fa943a9c0526f9998d071ce9fe43de3fb20dbb8a,nmf_topic_1,0.15890385,0.15890385,0.0,0.0,0.0,0.10265569,0.0,0.0,0.03578608
VLO-2020,VLO,Valero Energy,Energy,2020,0001193125-20-078074,bcac4aeab87b2d6dffb95f395cef2ded346d3d0f90dccbd5cf7de4d3507950a0,nmf_topic_1,0.15906529,0.15906529,0.0,0.0,0.0,0.09712336,0.0,0.0,0.0406327
VLO-2021,VLO,Valero Energy,Energy,2021,0001193125-21-085910,24232a621219c6074be9997186c79cbad0ce48bcb310053633aca6db91f6eee4,nmf_topic_1,0.12176054,0.12176054,0.0184877,0.00673134,0.07855864,0.04263865,0.0,0.0,0.0
VLO-2022,VLO,Valero Energy,Energy,2022,0001035002-22-000014,a7f007f01becda50ea806e84ae11b2ef770442743a103d02cc4d23ae841344ca,nmf_topic_1,0.08128594,0.08128594,0.0,0.03677678,0.06322406,0.0173243,0.0,0.02319923,0.05120418
VLO-2023,VLO,Valero Energy,Energy,2023,0001035002-23-000040,f3891a8a33194f3bcd33e098330b25ce9dc768c6f581fd09be1c0557a95da958,nmf_topic_2,0.15403,0.00895025,0.15403,0.0,0.02773287,0.0,0.0,0.01161377,0.0
VLO-2024,VLO,Valero Energy,Energy,2024,0001035002-24-000014,2ec98a1e2b3b713b83ea3bea07662abd67039f45ac71fc00be0efabd18c5abec,nmf_topic_7,0.15910604,0.07227653,0.00844788,0.0,0.04757781,0.01213521,0.0,0.15910604,0.0
OXY-2016,OXY,Occidental Petroleum,Energy,2016,0001308179-16-000248,92df6cb49f21f6fee74122323851c690fa77a33a6f5b9b6d396b525dfd012923,nmf_topic_1,0.13784261,0.13784261,0.00828611,0.04837784,0.0,0.02998443,0.00682674,0.0,0.06212282
OXY-2017,OXY,Occidental Petroleum,Energy,2017,0001308179-17-000065,79dac80780b7425c3a9d71c774619a8a44063e9517a3a715452514190a8074f2,nmf_topic_1,0.14263076,0.14263076,0.0340315,0.038019,0.0,0.0,0.01328548,0.0,0.02735928
OXY-2018,OXY,Occidental Petroleum,Energy,2018,0001308179-18-000070,a452e2b318582bca052eae79eaaf82644a111fef2625eabc215a0b2e8e6f1a46,nmf_topic_1,0.14082761,0.14082761,0.04227088,0.03621406,0.0,0.0,0.01046055,0.0,0.04124913
OXY-2019,OXY,Occidental Petroleum,Energy,2019,0001308179-19-000072,57fa447b0236901d7ee33f975d5a3a72b3ce76b801568eb30eb4c18c2137c939,nmf_topic_1,0.1271726,0.1271726,0.05735149,0.04794153,0.0,0.0,0.01130354,0.0,0.03042313
OXY-2020,OXY,Occidental Petroleum,Energy,2020,0001206774-20-001182,3d2686a21f73a064800328720ef3d4a5c86e6e2a5cfb72acbdd6857477e15935,nmf_topic_2,0.16921689,0.0460767,0.16921689,0.0,0.0,0.0,0.00767997,0.0,0.01999637
OXY-2021,OXY,Occidental Petroleum,Energy,2021,0001206774-21-000856,dd4e754577af3894652d2a164db4a6b1aa1bde2c37d445b661370c567ae0e6e1,nmf_topic_2,0.2125878,0.01430343,0.2125878,0.0,0.00444143,0.0,0.0,0.0,0.02700994
OXY-2022,OXY,Occidental Petroleum,Energy,2022,0001206774-22-000870,bc78a0e56fd3528b2de0d6596ed09ded4cfe96be3fa09509a0b1216c211f90ff,nmf_topic_2,0.16177554,0.0,0.16177554,0.0,0.0552806,0.0,0.0,0.00858078,0.0
OXY-2023,OXY,Occidental Petroleum,Energy,2023,0001308179-23-000331,1e02b7e87bca7783358fa774ff09c8f3e184913cdf0372bfaeda3bcea0413617,nmf_topic_2,0.18205967,0.0,0.18205967,0.0,0.03919013,0.0,0.0,0.00845566,0.0
OXY-2024,OXY,Occidental Petroleum,Energy,2024,0000797468-24-000075,c8bc4bc365e275b45a84d0abf2b01c145b7d0e9493cc06eb4b9f1f6082d81e42,nmf_topic_2,0.13275612,0.0,0.13275612,0.0,0.09364309,0.00156896,0.0,0.0103933,0.0
HAL-2016,HAL,Halliburton,Energy,2016,0001308179-16-000301,4567fe4acb9d85c37342fed4fef0ccfc5f5227dcee061cb5d755dbb66c3e35e6,nmf_topic_1,0.16780751,0.16780751,0.05744166,0.0,0.0,0.0,0.0,0.0,0.0
HAL-2017,HAL,Halliburton,Energy,2017,0001308179-17-000120,14e361b70142d2664bb67a515f7b00f17be6a625b788a17e52120d0c1c8bbf33,nmf_topic_1,0.17393848,0.17393848,0.05037708,0.0,0.0,0.0,0.0,0.0,0.0
HAL-2018,HAL,Halliburton,Energy,2018,0001308179-18-000119,9b32752480a3dbe2118ac7987c62e38958b90fac83a613121aceab0e8c200435,nmf_topic_1,0.15877528,0.15877528,0.08324345,0.0,0.0,0.0,0.0,0.0,0.0
HAL-2019,HAL,Halliburton,Energy,2019,0001308179-19-000086,0926ecbc15a0196ba133e8333041dc945dcb62d31721c74efb7049bea03f9036,nmf_topic_1,0.15825903,0.15825903,0.08044081,0.0,0.0,0.0,0.0,0.0,0.0
HAL-2020,HAL,Halliburton,Energy,2020,0001308179-20-000154,ecfbf80b3e5f51f908359bd1a8031803701375a61a309412cf83caad4e7143e3,nmf_topic_1,0.14344947,0.14344947,0.09379434,0.0,0.0,0.0,0.0,0.0,0.0
HAL-2021,HAL,Halliburton,Energy,2021,0001308179-21-000173,ea72fca3f25cec8b1eff7b8a08c2f6d6c59ba9a8de49135d173f97a089e56fba,nmf_topic_1,0.15177941,0.15177941,0.07243621,0.0,0.00180712,0.0,0.00601572,0.0,0.0
HAL-2022,HAL,Halliburton,Energy,2022,0001308179-22-000182,a19535e03144de6575942197760e392823523767f87e74340b32a8096a109013,nmf_topic_1,0.09234471,0.09234471,0.04444756,0.0,0.08238469,0.00658416,0.0,0.01647467,0.03243303
HAL-2023,HAL,Halliburton,Energy,2023,0001308179-23-000504,ce7ed5d042bdf1b4a1c955c2cb3e6aa9c92ae91db97bc597d6e77117cb1a0401,nmf_topic_1,0.09208875,0.09208875,0.02538167,0.0,0.0901774,0.00989674,0.0,0.03338653,0.01252266
HAL-2024,HAL,Halliburton,Energy,2024,0001308179-24-000414,e3dc400b1a3469505298fccc5c2a7267f7dafe83e498e6668948ff2c0cb3cb8b,nmf_topic_4,0.09691382,0.09240625,0.0231516,0.0,0.09691382,0.00600674,0.0,0.02829441,0.02194566
